Ryze,Kindred,Lissandra,Kai'Sa,Poppy,Gangplank,Camille,Syndra,Lucian,Fiddlesticks,0
Irelia,Gragas,Malzahar,Xayah,Rakan,Renekton,Xin Zhao,Akali,Lucian,Leona,0
Maokai,Evelynn,Irelia,Ezreal,Lux,Nasus,Lee Sin,Yasuo,Lucian,Zilean,1
Poppy,Gragas,Yasuo,Tristana,Braum,Darius,Lee Sin,Ryze,Kai'Sa,Alistar,1
Camille,Swain,Kalista,Thresh,Jarvan IV,Rengar,Irelia,Ryze,Twitch,Morgana,1
Poppy,Nidalee,Veigar,Xayah,Leona,Renekton,Lee Sin,Yasuo,Ezreal,Rakan,0
Xayah,LeBlanc,Leona,Gragas,Jayce,Shen,Syndra,Camille,Ezreal,Aatrox,1
Kai'Sa,Lux,Lee Sin,LeBlanc,Urgot,Lucian,Camille,Gragas,Thresh,Aatrox,1
Poppy,Lee Sin,Yasuo,Xayah,Rakan,Darius,Nidalee,Twisted Fate,Kai'Sa,Leona,1
Aatrox,Nidalee,Karma,Jinx,Nami,Jayce,Taliyah,Irelia,Lucian,Rakan,0
Renekton,Nidalee,Irelia,Lucian,Alistar,Urgot,Gragas,Twisted Fate,Kog'Maw,Braum,1
Varus,Syndra,Aatrox,Xin Zhao,Alistar,Soraka,Akali,Ezreal,Camille,Ryze,1
Aatrox,Alistar,Tristana,Camille,Akali,Taliyah,Lucian,Gragas,Zoe,Ryze,0
Aatrox,Nidalee,Akali,Lucian,Soraka,Renekton,Taliyah,LeBlanc,Ezreal,Morgana,0
Fiora,Xin Zhao,Swain,Kai'Sa,Rakan,Irelia,Gragas,Ekko,Miss Fortune,Alistar,0
Poppy,Lee Sin,LeBlanc,Camille,Yasuo,Ryze,Urgot,Xin Zhao,Kai'Sa,Alistar,1
Akali,Ivern,Taliyah,Janna,Camille,Nami,Aatrox,Gangplank,Xayah,Xin Zhao,0
Sivir,Pantheon,LeBlanc,Morgana,Akali,Xin Zhao,Tahm Kench,Thresh,Syndra,Kai'Sa,0
LeBlanc,Rakan,Lee Sin,Yasuo,Jayce,Syndra,Gragas,Kai'Sa,Sion,Braum,0
Urgot,Irelia,Jhin,Zyra,Gragas,Akali,Nidalee,Ezreal,Alistar,Poppy,1
Viktor,Taliyah,Aatrox,Sivir,Braum,Irelia,Camille,Rumble,Lucian,Gragas,1
Gragas,LeBlanc,Xin Zhao,Varus,Urgot,Camille,Alistar,Akali,Yasuo,Zoe,1
Tahm Kench,Nidalee,Aatrox,Kai'Sa,Braum,Darius,Taliyah,Irelia,Ezreal,Rakan,1
Tristana,Gragas,Aatrox,Urgot,Nidalee,Rakan,Jayce,Taliyah,Ryze,Kai'Sa,1
Akali,Pantheon,Irelia,Kai'Sa,Zilean,Jax,Nidalee,Aatrox,Miss Fortune,Gragas,0
Urgot,Gragas,Aatrox,Draven,Thresh,Jayce,Nidalee,Irelia,Lucian,Nautilus,0
Tahm Kench,Kindred,Syndra,Yasuo,Gragas,Irelia,Lee Sin,LeBlanc,Lucian,Pyke,1
Akali,Gragas,Aatrox,Jhin,Tahm Kench,Irelia,Jarvan IV,Lissandra,Kai'Sa,Janna,1
Jayce,Taliyah,Akali,Yasuo,Rakan,Renekton,Nidalee,Aatrox,Vladimir,Gragas,0
Pantheon,Akali,Lucian,Ryze,Shen,Xin Zhao,Aatrox,Kai'Sa,Urgot,Gragas,0
Urgot,Nidalee,Ryze,Vayne,Thresh,Jax,Camille,Ekko,Ezreal,Gragas,1
Sion,Nidalee,Aatrox,Lucian,Rakan,Urgot,Taliyah,Swain,Yasuo,Alistar,1
Kled,Gragas,Irelia,Taliyah,Miss Fortune,Lucian,Urgot,Aatrox,Nidalee,Thresh,0
Viktor,Lee Sin,Syndra,Ezreal,Morgana,Shen,Jarvan IV,Irelia,Xayah,Rakan,0
Rakan,Irelia,Xayah,Poppy,Xin Zhao,Ekko,Rengar,Alistar,Gangplank,Ryze,1
Taric,Kha'Zix,Lucian,Vel'Koz,Graves,Orianna,Mordekaiser,Ornn,Tristana,Karma,1
Poppy,Xin Zhao,Akali,Ezreal,Pyke,Kennen,Taliyah,Galio,Heimerdinger,Morgana,1
Ezreal,Rakan,Katarina,Lee Sin,Camille,Malphite,Taliyah,Gragas,Zed,Lucian,1
Singed,Vladimir,Xayah,Graves,Karma,Zilean,Hecarim,LeBlanc,Yasuo,Gnar,1
Urgot,Gragas,Zoe,Lucian,Thresh,Akali,Camille,Irelia,Ezreal,Morgana,0
Poppy,Alistar,Kai'Sa,Aatrox,Jayce,Jhin,Camille,Gragas,Galio,Malphite,0
Kayn,Nami,Janna,Twisted Fate,Trundle,Lee Sin,Morgana,Amumu,Graves,Pantheon,1
Irelia,Gragas,Rumble,Ezreal,Thresh,Jayce,Camille,Galio,Xayah,Rakan,0
Sona,Zed,Kayle,Vladimir,Lux,Heimerdinger,Xerath,Rumble,Kai'Sa,Jinx,0
Zyra,Nunu & Willump,Yasuo,Taliyah,Nidalee,Sivir,Corki,Shaco,Renekton,Maokai,0
Akali,Camille,Aatrox,Yasuo,Alistar,Renekton,Gragas,Irelia,Kai'Sa,Shen,1
Urgot,Nidalee,Lissandra,Cho'Gath,Leona,Aatrox,Gragas,Kassadin,Yasuo,Thresh,0
Vel'Koz,Brand,Jax,Rakan,Ezreal,Singed,Ahri,Kassadin,Galio,Cho'Gath,1
Shaco,Sivir,LeBlanc,Tristana,Ekko,Zyra,Kog'Maw,Lissandra,Zoe,Syndra,0
Nunu & Willump,Lucian,Nasus,Xerath,Janna,Thresh,Soraka,Fiddlesticks,Maokai,Ashe,0
Jax,Evelynn,Jayce,Ezreal,Poppy,Singed,Gragas,Galio,Kai'Sa,Alistar,1
Lulu,Rammus,Vi,Pyke,Trundle,Kennen,Azir,Sejuani,Taric,Thresh,0
Camille,Nocturne,Urgot,Lucian,Alistar,Sion,Taliyah,Irelia,Ryze,Tahm Kench,0
Urgot,Camille,Poppy,Xayah,Rakan,Rumble,Vi,Irelia,Ezreal,Morgana,0
Kindred,Alistar,Zoe,Ekko,Darius,Irelia,Ezreal,Gragas,Aatrox,Braum,1
Gangplank,Gragas,Kassadin,Irelia,Pyke,Darius,Camille,Lissandra,Kai'Sa,Alistar,1
Jayce,Gnar,Malzahar,Ezreal,Gragas,Rakan,Janna,Rengar,Cassiopeia,Thresh,1
Karma,Nami,Heimerdinger,Kalista,Janna,Volibear,Nidalee,Corki,Vladimir,Veigar,1
Urgot,Taliyah,Yasuo,Jhin,Gragas,Sion,Evelynn,Irelia,Ezreal,Alistar,1
Irelia,Lee Sin,Orianna,Jinx,Thresh,Gangplank,Taliyah,Akali,Kai'Sa,Shen,0
Camille,Xin Zhao,Katarina,Jinx,Gragas,Ryze,Taliyah,Syndra,Irelia,Pyke,1
Nasus,Camille,Zoe,Lucian,Rakan,Jayce,Skarner,LeBlanc,Kai'Sa,Gragas,0
Poppy,Taliyah,Zed,Kai'Sa,Rakan,Urgot,Nidalee,Jayce,Xayah,Morgana,0
Thresh,LeBlanc,Kindred,Aatrox,Ezreal,Kai'Sa,Fiora,Pyke,Sion,Gragas,1
Thresh,Lucian,Jayce,Taliyah,Yasuo,Irelia,Xin Zhao,Ezreal,Alistar,Kennen,0
Yasuo,Irelia,Lee Sin,Fiddlesticks,Akali,Anivia,Shen,Jarvan IV,Rumble,Aatrox,1
Camille,Xin Zhao,Ekko,Swain,Leona,Urgot,Trundle,Aurelion Sol,Lucian,Fiddlesticks,1
Kassadin,Camille,Tristana,Irelia,Gragas,Ezreal,Jayce,Nidalee,Alistar,Urgot,1
Poppy,Jayce,Lucian,Gragas,Rumble,Graves,Thresh,LeBlanc,Kai'Sa,Irelia,0
Alistar,Poppy,Varus,Kindred,LeBlanc,Nidalee,Akali,Sion,Yasuo,Rakan,1
Syndra,Nidalee,Maokai,Zyra,Jhin,Sivir,Thresh,Ryze,Graves,Aatrox,1
Jarvan IV,Gragas,Kled,Xayah,Thresh,Sion,Taliyah,Aatrox,Yasuo,Poppy,0
Graves,LeBlanc,Yasuo,Pyke,Aatrox,Alistar,Nidalee,Varus,Camille,Akali,0
Soraka,Ezreal,Lissandra,Aatrox,Gragas,LeBlanc,Lee Sin,Jayce,Xayah,Morgana,0
Gangplank,Lee Sin,Kassadin,Irelia,Pyke,Urgot,Gragas,LeBlanc,Tristana,Poppy,1
Nidalee,Gragas,Pyke,Ezreal,Akali,Sion,Thresh,Graves,Zoe,Lucian,1
Kindred,Irelia,Alistar,Yasuo,Ryze,Kai'Sa,Gragas,Thresh,Aatrox,Akali,1
Xin Zhao,Kennen,Ezreal,Thresh,Lissandra,Pyke,Taliyah,Darius,Jhin,Urgot,0
Gangplank,Taliyah,Gragas,Yasuo,Akali,Irelia,Thresh,Kai'Sa,Xin Zhao,Galio,0
Alistar,Xin Zhao,Yasuo,Irelia,Kai'Sa,Gragas,LeBlanc,Varus,Rengar,Aatrox,1
Akali,Lee Sin,Xerath,Tristana,Gragas,Urgot,Graves,Lissandra,Yasuo,Pyke,1
Kha'Zix,Gragas,Poppy,Katarina,Kai'Sa,Jayce,Aatrox,Lucian,Lee Sin,Shen,1
Jayce,Morgana,Darius,Lee Sin,Jinx,Irelia,Fizz,Gragas,Alistar,Jarvan IV,1
Urgot,Taliyah,Aatrox,Ezreal,Blitzcrank,Jax,Lee Sin,Akali,Varus,Gragas,1
Master Yi,Braum,Lucian,Janna,Blitzcrank,Lee Sin,Ezreal,Pyke,Ornn,Vayne,0
Rakan,Brand,Vayne,Ekko,Caitlyn,LeBlanc,Aatrox,Yasuo,Lucian,Taric,0
Irelia,Alistar,Taliyah,Ezreal,Urgot,Camille,Morgana,Pyke,Sion,Jhin,0
Akali,Yasuo,Irelia,Rakan,Nidalee,Gragas,Gangplank,Pyke,Jinx,Thresh,0
Miss Fortune,Kog'Maw,Xayah,Karma,Heimerdinger,Dr. Mundo,Ziggs,Twitch,Nautilus,Darius,1
Ezreal,Kayle,Alistar,Kog'Maw,Ekko,Kha'Zix,Corki,Morgana,Nami,Maokai,1
Gnar,Blitzcrank,Kha'Zix,Syndra,Draven,Lucian,Aatrox,Thresh,Ryze,Kayn,1
Shyvana,Tahm Kench,Kassadin,Kai'Sa,Alistar,Ahri,Amumu,Rumble,Tristana,Braum,1
Jax,Kennen,Pyke,Sivir,Karma,Yasuo,Kai'Sa,Urgot,Kayn,Singed,1
Urgot,Riven,Kai'Sa,Zoe,Pyke,Jayce,Lucian,Leona,Xerath,Sona,1
Quinn,Bard,Tristana,Malzahar,Lucian,Teemo,Garen,Lux,Singed,Kennen,1
Zed,Varus,Akali,Thresh,Amumu,Singed,Trundle,Zed,Jinx,Brand,0
Urgot,Gragas,Ekko,Kai'Sa,Rakan,Rumble,Graves,Irelia,Swain,Thresh,0
Pyke,Jhin,Lee Sin,Yasuo,Nidalee,Rengar,Twisted Fate,Lee Sin,Leona,Miss Fortune,1
Jax,Aurelion Sol,Yasuo,Pyke,Blitzcrank,Kai'Sa,Pyke,Jax,Ivern,LeBlanc,0
Fizz,Taliyah,Kalista,Pyke,Urgot,Thresh,Irelia,Lee Sin,Kai'Sa,Sion,1
Irelia,Camille,Lissandra,Kai'Sa,Leona,Sion,Gragas,Katarina,Tristana,Thresh,0
Sion,Lee Sin,LeBlanc,Zoe,Rakan,Akali,Camille,Kassadin,Ezreal,Gragas,1
Kassadin,Lee Sin,Irelia,Corki,Braum,Urgot,Taliyah,Yasuo,Ezreal,Lux,1
Urgot,Xin Zhao,Ryze,Lucian,Brand,Sion,Olaf,LeBlanc,Yasuo,Pyke,1
Sona,Thresh,Brand,Fizz,Sivir,Lulu,Ezreal,Kayle,Vel'Koz,Malphite,1
Darius,Kha'Zix,Tahm Kench,Kai'Sa,Kled,Jarvan IV,Varus,Renekton,Aatrox,Thresh,0
Ornn,Leona,Gragas,Draven,Caitlyn,Zilean,Hecarim,Pyke,Lucian,Corki,0
Urgot,Rengar,Aatrox,Twitch,Morgana,Irelia,Gragas,Akali,Kai'Sa,Soraka,1
Thresh,Kennen,Irelia,Camille,Sion,Braum,Kindred,Cassiopeia,Dr. Mundo,Jinx,1
Aatrox,Kindred,Akali,Lucian,Pyke,Volibear,Karthus,Viktor,Ezreal,Rakan,0
Zoe,Urgot,Kai'Sa,Gragas,Camille,Kindred,Fiora,Karma,Twitch,Rakan,0
Kassadin,Pyke,Caitlyn,Singed,Vladimir,Teemo,Braum,Wukong,Ivern,Ezreal,1
Riven,Nidalee,Aatrox,Yasuo,Thresh,Sion,Taliyah,Twisted Fate,Kai'Sa,Braum,1
Ornn,Gragas,Xayah,Galio,Camille,Taliyah,Lucian,Jayce,Akali,Rakan,1
Yasuo,Kassadin,Ornn,Poppy,Graves,Gragas,Viktor,Hecarim,Lee Sin,Sivir,1
Graves,Ahri,Swain,Yasuo,Vayne,Brand,Kai'Sa,Kha'Zix,Karma,Teemo,0
Sion,Gragas,Vel'Koz,Ezreal,Shen,Ornn,Nidalee,Ryze,Lucian,Alistar,1
Irelia,Skarner,LeBlanc,Jhin,Alistar,Urgot,Nidalee,Aatrox,Kai'Sa,Shen,0
Swain,Kindred,Gragas,Aatrox,Akali,Jayce,Braum,Ezreal,Nidalee,Karthus,0
Aatrox,Camille,Zilean,Ezreal,Alistar,Karthus,Gragas,Jayce,Lucian,Rakan,0
Udyr,Ivern,Yorick,Thresh,Tristana,Nami,Ekko,Kassadin,Darius,Camille,1
Gragas,Camille,Ekko,Xayah,Rakan,Jax,Lee Sin,Viktor,Ezreal,Nautilus,1
Irelia,Gragas,Aatrox,Ezreal,Shen,Sion,Camille,LeBlanc,Tristana,Alistar,1
Alistar,Ornn,Xin Zhao,Ezreal,Akali,Gragas,Orianna,Irelia,Lee Sin,Urgot,0
Aatrox,Xin Zhao,Twisted Fate,Lucian,Pyke,Urgot,Taliyah,Fizz,Ezreal,Shen,0
Kha'Zix,Varus,Thresh,Akali,Gangplank,Ekko,Lee Sin,Lucian,Nami,Aatrox,1
Cho'Gath,Aatrox,Miss Fortune,Tahm Kench,Nidalee,Ryze,Ornn,Kai'Sa,Graves,Gragas,1
Alistar,Lucian,Xin Zhao,LeBlanc,Akali,Taliyah,Aatrox,Jayce,Ezreal,Morgana,0
Kai'Sa,LeBlanc,Alistar,Camille,Darius,Irelia,Thresh,Jhin,Zed,Elise,1
Taliyah,Yasuo,Leona,Singed,Lucian,Nocturne,Volibear,Rakan,Kai'Sa,Irelia,1
Urgot,Taliyah,Zoe,Vladimir,Gragas,Ornn,Camille,LeBlanc,Ryze,Fiddlesticks,0
Lee Sin,LeBlanc,Sion,Lucian,Thresh,Karma,Pyke,Vayne,Camille,Poppy,1
Irelia,Rumble,Ahri,Miss Fortune,Shen,Akali,Gragas,Yasuo,Ezreal,Janna,0
Urgot,Olaf,Akali,Kai'Sa,Blitzcrank,Sion,Camille,Malzahar,Irelia,Alistar,1
Tristana,Xin Zhao,Akali,Aatrox,Thresh,Shen,Evelynn,Irelia,Alistar,Ezreal,0
Sion,Camille,Akali,Ezreal,Rakan,Urgot,Taliyah,Aatrox,Lucian,Thresh,0
Aatrox,Tahm Kench,Lucian,Graves,Lissandra,Ashe,Alistar,Irelia,Lee Sin,Galio,1
Lee Sin,LeBlanc,Lucian,Braum,Camille,Gragas,Alistar,Jayce,Kai'Sa,Malphite,0
Lucian,Riven,Yasuo,Bard,Nunu & Willump,LeBlanc,Jinx,Twitch,Thresh,Urgot,1
Poppy,Gragas,Ryze,Kai'Sa,Camille,Graves,Tryndamere,Lucian,LeBlanc,Alistar,0
Darius,Camille,Aatrox,Swain,Gragas,Lissandra,Taliyah,Irelia,Kai'Sa,Poppy,1
Kog'Maw,Ryze,Graves,Aatrox,Lucian,Miss Fortune,Tryndamere,Janna,Aatrox,Camille,1
Rumble,Lee Sin,Zed,Kalista,Thresh,Tryndamere,Rengar,Viktor,Miss Fortune,Malphite,1
Kai'Sa,Thresh,Yasuo,Gangplank,Lee Sin,Zed,Vayne,Draven,Leona,Shyvana,1
Kai'Sa,Poppy,Trundle,Nunu & Willump,Irelia,Tryndamere,Ezreal,LeBlanc,Karma,Nidalee,1
Karma,Riven,Twisted Fate,Xerath,Sivir,Trundle,Jhin,Fiddlesticks,Vayne,Fizz,0
Veigar,Viktor,Maokai,Graves,Pantheon,Jayce,Karthus,Ezreal,Garen,Twitch,0
Irelia,Kindred,Ryze,Swain,Shen,Darius,Nidalee,Aatrox,Jinx,Tahm Kench,1
Nautilus,Taliyah,Aatrox,Ezreal,Shen,Urgot,Evelynn,Irelia,Lucian,Zilean,1
Ezreal,Cho'Gath,Irelia,Nidalee,Pyke,Akali,Jax,Lee Sin,Lucian,Shen,1
Twitch,Ahri,Soraka,Renekton,Zoe,Syndra,Kassadin,Nidalee,Lee Sin,Viktor,1
Poppy,Sejuani,Aatrox,Kai'Sa,Shen,Nautilus,Taliyah,LeBlanc,Xayah,Rakan,1
Irelia,Taliyah,Ryze,Varus,Braum,Jayce,Gragas,Urgot,Lucian,Thresh,0
Aatrox,Lee Sin,LeBlanc,Urgot,Thresh,Sion,Gragas,Syndra,Lucian,Tahm Kench,0
Hecarim,Kha'Zix,Twitch,Zyra,Ornn,Xerath,Cho'Gath,Lulu,Swain,Zoe,1
Irelia,Sejuani,LeBlanc,Yasuo,Pyke,Renekton,Camille,Akali,Xayah,Rakan,1
Fiora,Lee Sin,Akali,Ezreal,Alistar,Jax,Taliyah,Lucian,Ashe,Morgana,1
Cho'Gath,Lee Sin,Fizz,Yasuo,Gragas,Irelia,Sejuani,Aatrox,Kai'Sa,Vel'Koz,0
Urgot,Lee Sin,Syndra,Tristana,Gragas,Aatrox,Graves,LeBlanc,Xayah,Tahm Kench,1
Aatrox,Nasus,Ryze,Diana,Tristana,Draven,Lulu,Kennen,Syndra,Trundle,1
Thresh,Urgot,Ezreal,Corki,Lux,Riven,Veigar,Xerath,Lee Sin,Zilean,1
Bard,Pantheon,Aatrox,Lux,Ezreal,Trundle,1
Rumble,Lissandra,Xerath,Sejuani,Sona,Ryze,Kai'Sa,Pantheon,Corki,Bard,1
Yasuo,Pyke,Poppy,LeBlanc,Graves,Viktor,Lee Sin,Renekton,Kai'Sa,Gragas,1
Katarina,Yasuo,Illaoi,Viktor,Gragas,Ryze,Sona,Kai'Sa,Veigar,Anivia,1
Pyke,Singed,Ashe,Annie,Varus,Soraka,Rumble,Xayah,Jayce,Morgana,1
Poppy,Kindred,Renekton,Ashe,Gragas,Irelia,Camille,Aatrox,Xayah,Braum,0
Ornn,Galio,Annie,Urgot,Tristana,LeBlanc,Anivia,Ivern,Viktor,Ekko,0
Thresh,Talon,Lucian,Jarvan IV,Malzahar,Kayn,Cassiopeia,Zac,Brand,Skarner,1
Garen,Jayce,Ryze,Wukong,Hecarim,Miss Fortune,Kai'Sa,Vel'Koz,Nami,Morgana,0
Aatrox,Olaf,Kennen,Tahm Kench,Jhin,Soraka,Vel'Koz,Kai'Sa,Irelia,Xin Zhao,1
Irelia,Yasuo,Akali,Trundle,Alistar,Xin Zhao,Rumble,Zed,Taric,Kai'Sa,1
Yasuo,Twisted Fate,Shaco,Graves,Jhin,Sion,Zoe,Fiddlesticks,Cassiopeia,Azir,0
Poppy,Gragas,Cassiopeia,Xayah,Rakan,Aatrox,Xin Zhao,Orianna,Kai'Sa,Leona,0
Ryze,Taliyah,Kai'Sa,Tahm Kench,Renekton,Xin Zhao,Irelia,Lucian,Poppy,Braum,0
Poppy,Jayce,Rumble,Yasuo,Graves,Vayne,Taliyah,Pyke,Renekton,Aatrox,0
Heimerdinger,Maokai,Jayce,Annie,Brand,Karthus,Twisted Fate,Lulu,Morgana,Vayne,0
Aatrox,Camille,Jayce,Pyke,Varus,Kai'Sa,Irelia,Bard,Nautilus,Trundle,1
Lucian,Shen,Kayn,Galio,Vladimir,Akali,Rakan,Taliyah,Varus,Renekton,0
Gragas,Urgot,Kai'Sa,Poppy,Kled,Twitch,Pyke,Zac,Irelia,Renekton,0
Gangplank,Lee Sin,Irelia,Ekko,Gragas,Aatrox,Nidalee,Akali,Kai'Sa,Alistar,0
Ryze,Graves,Aatrox,Ashe,Braum,Pantheon,Nidalee,Irelia,Jhin,Alistar,0
Lucian,Kindred,Ryze,Yasuo,Vel'Koz,Morgana,Sejuani,Irelia,Kai'Sa,Blitzcrank,1
Camille,Taliyah,Galio,Varus,Tahm Kench,Sion,Graves,Kassadin,Kai'Sa,Nautilus,1
Rengar,Aatrox,Urgot,Swain,Alistar,Gangplank,Gragas,Taliyah,LeBlanc,Ezreal,1
Urgot,Lee Sin,Aatrox,Tristana,Alistar,Sion,Xin Zhao,Akali,Lucian,Pyke,0
Tahm Kench,Taliyah,Irelia,Kai'Sa,Jayce,Gragas,Rakan,Renekton,Aatrox,Vladimir,1
Camille,Braum,Irelia,Kai'Sa,LeBlanc,Rakan,Lee Sin,Aatrox,Ashe,Renekton,0
Aatrox,Nidalee,Zoe,Ezreal,Pyke,Akali,Gragas,Talon,Varus,Shen,1
Rumble,Graves,Irelia,Kai'Sa,Alistar,Aatrox,Lee Sin,Cho'Gath,Varus,Vel'Koz,1
Alistar,Aatrox,Taliyah,Ezreal,Cho'Gath,Riven,Pyke,Varus,Ryze,Camille,0
Fiora,Nunu & Willump,Akali,Kai'Sa,Gragas,Aatrox,Lee Sin,Galio,Yasuo,Shen,0
Akali,Kha'Zix,Galio,Twitch,Morgana,Swain,Xin Zhao,Darius,Jhin,Alistar,0
Jax,Lucian,LeBlanc,Rakan,Kindred,Kassadin,Nidalee,Ashe,Aatrox,Shen,1
Kha'Zix,LeBlanc,Kennen,Morgana,Malzahar,Cassiopeia,Teemo,Sona,Ekko,Katarina,1
Aatrox,Trundle,Azir,Yasuo,Gragas,Renekton,Taliyah,Irelia,Kai'Sa,Pyke,1
Urgot,Xin Zhao,Galio,Varus,Gragas,Akali,Skarner,Ryze,Irelia,Shen,0
Xayah,Urgot,Xerath,Gragas,Aatrox,Tahm Kench,Vayne,Ryze,Taliyah,Irelia,0
Aatrox,Cho'Gath,Irelia,Ryze,Alistar,Gragas,Camille,Urgot,Varus,Shen,1
Taliyah,Irelia,Ezreal,Tahm Kench,Gangplank,Akali,Lee Sin,Thresh,Jinx,Aurelion Sol,0
Aatrox,Sejuani,Cho'Gath,Irelia,Trundle,Gragas,Graves,Ryze,Ezreal,Soraka,1
Nunu & Willump,Hecarim,Rammus,Miss Fortune,Pyke,Vayne,Jhin,Maokai,Sona,Lissandra,1
Aatrox,Taliyah,Lissandra,Irelia,Thresh,Cho'Gath,Gragas,Akali,Lucian,Alistar,0
Akali,Taliyah,Urgot,Kai'Sa,Poppy,Camille,Jarvan IV,Galio,Tristana,Alistar,0
Aatrox,Camille,Orianna,Kai'Sa,Taric,Urgot,Lee Sin,Zoe,Jhin,Rakan,1
Taliyah,Twisted Fate,Tristana,Alistar,Sion,Xin Zhao,Kassadin,Shen,Lucian,Pyke,0
Urgot,Olaf,Akali,Ezreal,Poppy,Jayce,Gragas,Kassadin,Lucian,Alistar,0
Singed,Olaf,Vladimir,Yasuo,Pyke,Pantheon,Gragas,Akali,Lucian,Thresh,1
Camille,Kindred,Aatrox,Yasuo,Alistar,Jax,Nidalee,Irelia,Lucian,Thresh,1
Fiora,Jayce,LeBlanc,Xayah,Rakan,Aatrox,Graves,Karthus,Jinx,Tahm Kench,1
Lee Sin,Kassadin,Lucian,Thresh,Akali,Fizz,Rakan,Aatrox,Camille,Xayah,1
Gnar,Taliyah,Aatrox,Yasuo,Alistar,Singed,Camille,Ryze,Kai'Sa,Pyke,1
Kassadin,Lee Sin,Irelia,Corki,Braum,Urgot,Taliyah,Yasuo,Ezreal,Lux,0
Ezreal,Gangplank,Gragas,Yasuo,Rakan,Lucian,Pyke,Aatrox,Taliyah,Jayce,1
Kennen,Camille,Irelia,Ezreal,Soraka,Urgot,Gragas,Galio,Sivir,Shen,0
Lucian,Soraka,Akali,Taliyah,Gragas,Kai'Sa,Jayce,Nidalee,Morgana,Urgot,0
Aatrox,Nidalee,Aurelion Sol,Varus,Tahm Kench,Urgot,Taliyah,Irelia,Akali,Gragas,0
Lucian,Lee Sin,Gragas,Lissandra,Aatrox,Xin Zhao,Irelia,Taric,Maokai,LeBlanc,0
Aatrox,Taliyah,Poppy,Malzahar,Jhin,Syndra,Rumble,Gragas,Lucian,Camille,1
Tristana,Camille,Galio,Xin Zhao,Thresh,Zoe,Gragas,Lucian,Urgot,Elise,1
Gangplank,Evelynn,Fizz,Xayah,Nautilus,Ornn,Gragas,Irelia,Jinx,Thresh,0
Urgot,Braum,LeBlanc,Yasuo,Nidalee,Lissandra,Ornn,Irelia,Nocturne,Thresh,0
Irelia,Nidalee,Jinx,Urgot,Thresh,Rengar,Nautilus,Kai'Sa,Galio,Aatrox,1
Kled,Taliyah,Viktor,Lucian,Alistar,Aatrox,Gragas,Lissandra,Ashe,Tahm Kench,1
Warwick,Thresh,Lee Sin,LeBlanc,Kai'Sa,Nidalee,Fiora,Ezreal,Bard,Aatrox,1
Gangplank,Gragas,Akali,Kai'Sa,Tahm Kench,Ryze,Graves,Irelia,Xayah,Rakan,1
Kalista,Alistar,Irelia,Lee Sin,Ryze,Singed,Graves,Urgot,Kai'Sa,Thresh,1
Renekton,Lee Sin,Zoe,Kai'Sa,Morgana,Urgot,Xin Zhao,Akali,Lucian,Braum,0
Garen,Trundle,Akali,Lucian,Pyke,Urgot,Xin Zhao,Galio,Kai'Sa,Tahm Kench,0
Gragas,Yasuo,Varus,Ornn,Taliyah,Tristana,Alistar,Urgot,Nidalee,LeBlanc,1
Ryze,Thresh,Jinx,Yasuo,Gragas,Vayne,Taliyah,Alistar,Kai'Sa,Veigar,1
Xin Zhao,Twisted Fate,Lucian,Alistar,Akali,Kindred,Tahm Kench,Sivir,Ryze,Jayce,0
Jayce,Olaf,Karthus,Ezreal,Tahm Kench,Jax,Taliyah,Irelia,Lucian,Braum,0
Cho'Gath,Gragas,Darius,Vayne,Alistar,Irelia,Graves,Ryze,Kai'Sa,Thresh,1
Lucian,Gragas,Aatrox,Kai'Sa,Rakan,Urgot,Taliyah,Ryze,Draven,Alistar,1
Lee Sin,Aatrox,Alistar,Urgot,Kai'Sa,Yasuo,LeBlanc,Gangplank,Shen,Graves,1
LeBlanc,Thresh,Aatrox,Tristana,Lee Sin,Alistar,Kai'Sa,Kassadin,Ryze,Ezreal,1
Yasuo,Aatrox,Gragas,Karthus,Alistar,Fiora,Shen,Ezreal,Irelia,Nidalee,0
LeBlanc,Gragas,Urgot,Olaf,Varus,Braum,Taliyah,Irelia,Yasuo,Ryze,1
Urgot,Sejuani,Aatrox,Kai'Sa,Braum,Irelia,Evelynn,Gangplank,Twitch,Gragas,1
Jayce,Vayne,Kindred,Taliyah,Braum,Gragas,Xayah,Aatrox,Poppy,Rakan,1
Camille,Soraka,Rumble,Jhin,Syndra,Akali,Yasuo,Thresh,Sivir,Nunu & Willump,1
Pyke,Ryze,Taliyah,Urgot,Akali,Irelia,Lee Sin,Alistar,Karthus,Cho'Gath,1
Zilean,Aatrox,Kindred,Cho'Gath,Twitch,Gangplank,Taliyah,Pyke,Kai'Sa,Kassadin,1
Taliyah,Jinx,Soraka,Akali,Irelia,Gragas,Kai'Sa,Jayce,Morgana,Aatrox,0
Lee Sin,Kai'Sa,Nunu & Willump,Xerath,Camille,Rengar,Ivern,Veigar,Nunu & Willump,Zed,1
Poppy,Akali,Aatrox,Taliyah,Yasuo,Ryze,Jayce,Rumble,Alistar,Mordekaiser,1
Ryze,Hecarim,Syndra,Kai'Sa,Gragas,Jayce,Lee Sin,LeBlanc,Tristana,Alistar,1
Galio,Kai'Sa,Irelia,Lee Sin,Rakan,Taliyah,Aatrox,Morgana,Nautilus,Twitch,0
Nunu & Willump,Camille,Vi,Orianna,Caitlyn,Jax,Teemo,Brand,Yasuo,Shen,1
Urgot,Taliyah,Anivia,Kai'Sa,Gragas,Irelia,Nunu & Willump,Ryze,Jinx,Thresh,1
Kai'Sa,Irelia,Kindred,Syndra,Morgana,Lee Sin,LeBlanc,Tristana,Aatrox,Gragas,1
Gnar,Taliyah,Zoe,Ezreal,Rakan,Quinn,Camille,Galio,Kai'Sa,Braum,1
Ryze,Varus,Gragas,Taliyah,Jayce,Kai'Sa,Karma,Urgot,LeBlanc,Graves,0
Poppy,Camille,Nunu & Willump,Irelia,Lee Sin,Blitzcrank,Amumu,LeBlanc,Nunu & Willump,Ezreal,1
Jayce,Taliyah,Akali,Kai'Sa,Morgana,Kennen,Olaf,Zoe,Ezreal,Karma,1
Renekton,Xin Zhao,Irelia,Vladimir,Morgana,Aatrox,Nidalee,Darius,Ezreal,Gragas,0
Varus,Thresh,Gragas,Jayce,Zoe,Urgot,Kai'Sa,Tahm Kench,Kha'Zix,Ekko,0
Gangplank,Gragas,Viktor,Yasuo,Tahm Kench,Jayce,Lee Sin,Twisted Fate,Kai'Sa,Nautilus,0
Jayce,Lee Sin,LeBlanc,Ezreal,Pyke,Irelia,Gragas,Kassadin,Tristana,Shen,0
Dr. Mundo,Rakan,Kindred,Aurelion Sol,Twitch,Shen,Kai'Sa,Akali,Galio,Gragas,0
Nocturne,Rakan,Kai'Sa,Camille,Ahri,Poppy,Gragas,Aatrox,Yasuo,Alistar,0
Kennen,Zilean,Kai'Sa,Aatrox,Lee Sin,Cho'Gath,Nami,Camille,Twitch,Ryze,1
Jayce,Lee Sin,Gragas,Kai'Sa,LeBlanc,Ryze,Camille,Kassadin,Vel'Koz,Nautilus,1
Yasuo,Akali,Gragas,Lee Sin,Singed,Gnar,Tahm Kench,Lulu,Kai'Sa,Kindred,1
Poppy,Rakan,Gragas,Aatrox,Miss Fortune,Darius,Jayce,Varus,Camille,Leona,1
Urgot,Lee Sin,Ryze,Kai'Sa,Tahm Kench,Malphite,Gragas,Akali,Xayah,Rakan,1
Aatrox,Ekko,Xayah,Taliyah,Leona,Tristana,Yasuo,Gragas,Kled,Fiddlesticks,0
Irelia,Nidalee,Fiora,Tahm Kench,Lucian,Kai'Sa,LeBlanc,Graves,Akali,Gragas,1
Akali,Camille,Jayce,Yasuo,Alistar,Garen,Taliyah,Galio,Xayah,Lulu,1
Gangplank,Graves,Swain,Yasuo,Lulu,Irelia,Kindred,Aurelion Sol,Lucian,Braum,1
Ezreal,Irelia,LeBlanc,Jarvan IV,Alistar,Urgot,Singed,Aatrox,Gragas,Lee Sin,1
Sion,Xin Zhao,Irelia,Kai'Sa,Soraka,Aatrox,Jax,Akali,Varus,Lulu,0
Swain,Aatrox,Camille,Alistar,Jhin,Lucian,Pyke,Gragas,Urgot,Zed,1
LeBlanc,Pyke,Lee Sin,Lucian,Sion,Rakan,Urgot,Ezreal,Aatrox,Xin Zhao,1
Sion,Taliyah,Yasuo,Kindred,Poppy,Urgot,Camille,Ekko,Lucian,Zyra,1
Alistar,Darius,Jayce,Taliyah,Tristana,Nidalee,Jax,Thresh,Kai'Sa,Yasuo,1
Kindred,Sivir,Braum,Karma,Fizz,Blitzcrank,Yasuo,Ezreal,Viktor,Heimerdinger,0
Alistar,Irelia,Gragas,Lucian,Karthus,Lee Sin,Urgot,Ryze,Heimerdinger,Pyke,1
LeBlanc,Aatrox,Skarner,Poppy,Gragas,Rakan,Lissandra,Lee Sin,Xayah,Irelia,1
Jarvan IV,Akali,Pyke,Swain,Yasuo,Ezreal,Taliyah,Irelia,Gragas,Urgot,0
Galio,Taliyah,Lucian,Alistar,Camille,Ornn,Vayne,Braum,Kindred,Akali,1
Thresh,Jax,Kai'Sa,Aatrox,Lissandra,Gragas,LeBlanc,Maokai,Yasuo,Taliyah,0
Jinx,Irelia,Nidalee,Urgot,Rakan,Sivir,Aatrox,Gragas,Lissandra,Olaf,1
Kennen,Taliyah,Irelia,Kai'Sa,Lux,Darius,Xin Zhao,Kassadin,Ashe,Zyra,1
Kindred,Aatrox,Shen,Swain,Vayne,Ryze,Kai'Sa,Taliyah,Irelia,Rakan,1
Sion,Irelia,Braum,Aatrox,Cho'Gath,Taliyah,Gragas,Darius,Yasuo,Lucian,1
Aatrox,Xin Zhao,Yasuo,Varus,Morgana,Ryze,Gragas,Irelia,Xayah,Rakan,0
Aatrox,Taliyah,Yasuo,Lucian,Gragas,Ryze,Kindred,Jayce,Ezreal,Pyke,1
Nautilus,Tristana,Kassadin,Taliyah,Alistar,Xin Zhao,Camille,Poppy,Akali,Jinx,0
Kassadin,Gragas,Alistar,Karthus,Lucian,Varus,Kindred,Akali,Shen,Urgot,1
Gragas,Taliyah,Galio,Draven,Thresh,Urgot,Nidalee,Jayce,Yasuo,Soraka,1
Jayce,Xin Zhao,Yasuo,Varus,Gragas,Urgot,Kindred,Ahri,Lucian,Tahm Kench,1
Urgot,Kindred,LeBlanc,Ezreal,Alistar,Swain,Gragas,Jayce,Lucian,Braum,1
Ezreal,Gragas,Aatrox,Jax,Olaf,Taliyah,Gangplank,Rumble,Irelia,Alistar,1
Kindred,Gragas,Jayce,Aatrox,Alistar,Miss Fortune,Taliyah,Zed,Braum,Irelia,1
Urgot,Taliyah,Darius,Jhin,Pyke,Renekton,Zac,Irelia,Kai'Sa,Alistar,1
Soraka,Aatrox,Urgot,Sejuani,Jhin,Janna,Xin Zhao,Kai'Sa,Yasuo,Akali,1
Jax,LeBlanc,Gragas,Lee Sin,Kai'Sa,Alistar,Twitch,Xin Zhao,Lulu,Urgot,0
Gangplank,Gragas,Yasuo,Ezreal,Tahm Kench,Vladimir,Graves,Irelia,Xayah,Rakan,1
Jinx,Gangplank,Gragas,Aatrox,Kayn,Rakan,Vladimir,Kai'Sa,Taliyah,Urgot,1
Urgot,Taliyah,Irelia,Lucian,Alistar,Ryze,Xin Zhao,LeBlanc,Ashe,Morgana,0
Irelia,Shen,Ryze,Nunu & Willump,Kai'Sa,Gragas,Elise,Sion,Yasuo,Renekton,1
Lee Sin,Rakan,Ryze,Kai'Sa,Illaoi,Alistar,Taliyah,Akali,Jinx,Malphite,0
Gragas,Irelia,Nidalee,Twitch,Aatrox,Kai'Sa,Quinn,Yasuo,Taliyah,Rakan,0
Lee Sin,Alistar,Syndra,Yasuo,Urgot,Thresh,Gragas,Irelia,Twitch,Lulu,1
Taliyah,Varus,Fizz,Alistar,Urgot,Poppy,Xin Zhao,Akali,Syndra,Yasuo,1
Irelia,Jayce,Kai'Sa,Vladimir,Alistar,Fiora,Gragas,Malphite,Ryze,Pyke,1
Ryze,Taliyah,Aatrox,Kai'Sa,Blitzcrank,Vladimir,Jayce,Akali,Twitch,Braum,1
Irelia,Taliyah,Urgot,Kai'Sa,Tahm Kench,Quinn,Kindred,Galio,Ashe,Alistar,1
Ryze,Varus,Olaf,Urgot,Janna,Lucian,Lux,Xin Zhao,Rakan,Sion,0
Urgot,Sejuani,Irelia,Ezreal,Pyke,Ryze,Trundle,Aatrox,Xayah,Gragas,1
Urgot,Alistar,Taliyah,Yasuo,Morgana,Ryze,Poppy,Olaf,Kassadin,Gragas,1
Aatrox,Twitch,Gragas,Yasuo,Tahm Kench,Sivir,Vladimir,Irelia,Lee Sin,Pyke,1
Gnar,Gragas,Irelia,Lucian,Rakan,Urgot,Taliyah,Aatrox,Yasuo,Alistar,0
Sion,Taliyah,Jayce,Kai'Sa,Alistar,Aatrox,Xin Zhao,Ryze,Varus,Braum,0
Ryze,Gragas,Yasuo,Jinx,Morgana,Cho'Gath,Xin Zhao,Aatrox,Ashe,Tahm Kench,0
Quinn,Kindred,Twisted Fate,Poppy,Sejuani,Aatrox,Gragas,LeBlanc,Kai'Sa,Pyke,1
Ryze,Lee Sin,Irelia,Lucian,Alistar,Maokai,Evelynn,Aatrox,Jhin,Bard,0
Jayce,Taliyah,Urgot,Ezreal,Rakan,Gangplank,Gragas,Ryze,Yasuo,Thresh,1
Akali,Taliyah,Urgot,Tristana,Alistar,Irelia,Gragas,Yasuo,Lucian,Braum,0
Sion,Camille,Zoe,Yasuo,Shen,Aatrox,Lee Sin,Karthus,Miss Fortune,Pyke,1
Irelia,Jax,Gragas,Lucian,Tahm Kench,Urgot,Darius,Yasuo,Taliyah,Alistar,0
Gangplank,Kai'Sa,Yasuo,Shen,Taliyah,Zyra,Kindred,Urgot,Kassadin,Varus,1
Jayce,Tahm Kench,Cho'Gath,Jhin,Gragas,Kai'Sa,Aatrox,Pyke,Singed,Camille,0
Gangplank,Lee Sin,Viktor,Swain,Pyke,Rumble,Kindred,Aatrox,Kai'Sa,Gragas,1
Trundle,Shen,Yasuo,Urgot,Vladimir,Jayce,LeBlanc,Gragas,Kai'Sa,Rakan,1
Malphite,Nidalee,Zoe,Tristana,Swain,Camille,Lee Sin,Jayce,Ezreal,Rakan,0
Rakan,Syndra,Ezreal,Gangplank,Gragas,Twisted Fate,Aatrox,Camille,Yasuo,Tahm Kench,1
Shen,Xin Zhao,Zoe,Yasuo,Gragas,Aatrox,Taliyah,Galio,Twitch,Morgana,1
Gangplank,Kindred,LeBlanc,Xayah,Rakan,Gragas,Lee Sin,Irelia,Kai'Sa,Shen,0
Darius,Gragas,Jayce,Yasuo,Alistar,Poppy,Graves,Zoe,Ryze,Leona,1
Trundle,Irelia,Yasuo,Gnar,Pyke,Gragas,Kai'Sa,Xin Zhao,Kennen,Darius,1
Renekton,Xin Zhao,Akali,Varus,Tahm Kench,Kennen,Kindred,Irelia,Ezreal,Rakan,0
Kennen,Gragas,Irelia,Miss Fortune,Tahm Kench,Akali,Nocturne,LeBlanc,Kai'Sa,Pyke,0
Camille,Rakan,LeBlanc,Yasuo,Poppy,Ryze,Thresh,Evelynn,Jayce,Varus,1
Ryze,Xin Zhao,Aatrox,Varus,Tahm Kench,Cho'Gath,Kindred,Orianna,Ezreal,Braum,0
Jayce,Irelia,Sejuani,Pyke,Darius,Teemo,Camille,Quinn,LeBlanc,Lucian,1
Aatrox,Vladimir,Xin Zhao,Rakan,Tristana,Kai'Sa,Shen,Gragas,Karthus,Fiora,0
Kai'Sa,Akali,Gragas,Morgana,Cho'Gath,Irelia,Taliyah,Rakan,Ornn,Xayah,1
Yasuo,Gragas,Taliyah,Jayce,Malzahar,LeBlanc,Irelia,Lee Sin,Lucian,Shen,1
Sion,Taliyah,Aatrox,Yasuo,Gragas,Fiora,Olaf,Malzahar,Kai'Sa,Braum,1
Kai'Sa,Sion,Gragas,Nidalee,Renekton,Akali,Ornn,Lucian,Lee Sin,Fiddlesticks,1
Urgot,Lee Sin,LeBlanc,Ezreal,Gragas,Sion,Taliyah,Irelia,Jinx,Thresh,1
Aatrox,Kindred,Twisted Fate,Draven,Thresh,Camille,Xin Zhao,Yasuo,Kai'Sa,Pyke,0
Lucian,Syndra,Lee Sin,Urgot,Tahm Kench,Lissandra,Poppy,Gragas,Taliyah,Yasuo,1
Poppy,Aatrox,Ornn,Taliyah,Kai'Sa,Lee Sin,Gangplank,Alistar,Cho'Gath,Lucian,1
Kai'Sa,Ryze,Alistar,LeBlanc,Lee Sin,Rakan,Elise,Aatrox,Sion,Xayah,1
Caitlyn,Braum,Irelia,Malphite,Taliyah,Aatrox,Gangplank,Kai'Sa,Nautilus,Vladimir,1
Aatrox,Rakan,Karma,Xayah,Taliyah,Akali,Zoe,Tahm Kench,Gragas,Lucian,1
Lucian,Yasuo,Gragas,Lee Sin,Fiddlesticks,Taliyah,Aatrox,Urgot,Shen,Xayah,1
Xayah,Irelia,Rumble,Pyke,Taliyah,Thresh,Draven,Renekton,Aatrox,Nidalee,1
Irelia,Graves,Syndra,Kai'Sa,Alistar,Ryze,Nidalee,Volibear,Yasuo,Gragas,1
Ekko,Ornn,Kindred,Nami,Lucian,Kai'Sa,Jayce,Taliyah,Rakan,LeBlanc,0
Urgot,Syndra,Taliyah,Nami,Lucian,Gragas,Draven,Irelia,LeBlanc,Soraka,1
Akali,Thresh,Lee Sin,Lucian,Aatrox,Irelia,Rakan,Renekton,Gragas,Tristana,0
Lucian,Jayce,Akali,Lee Sin,Poppy,Tristana,Jax,Alistar,Rumble,Taliyah,1
Lee Sin,Irelia,Lucian,Nami,Syndra,Aatrox,Yasuo,Taliyah,Kai'Sa,Soraka,0
Aatrox,Graves,Syndra,Tristana,Tahm Kench,Urgot,Gragas,Irelia,Kai'Sa,Shen,0
Evelynn,Alistar,Jayce,Kai'Sa,Irelia,Lucian,Shen,Ryze,Swain,Gragas,0
Shen,Gragas,Yasuo,Malphite,Kai'Sa,Irelia,Braum,Lucian,Graves,Ryze,1
Akali,Pyke,Camille,Yasuo,Irelia,Aatrox,Gragas,Rumble,Bard,Ezreal,0
Akali,Lee Sin,LeBlanc,Miss Fortune,Rakan,Ornn,Taliyah,Jayce,Xayah,Gragas,1
Urgot,Olaf,LeBlanc,Ezreal,Pyke,Rumble,Taliyah,Jayce,Kai'Sa,Tahm Kench,0
Aatrox,Lee Sin,Kai'Sa,Pyke,Karthus,Akali,Xayah,Gragas,Skarner,Rakan,1
Ezreal,Gangplank,Aatrox,Gragas,Blitzcrank,Rakan,Akali,Graves,Yasuo,Irelia,1
Ryze,Karthus,Talon,Swain,Pyke,Gangplank,Taliyah,Irelia,Sivir,Alistar,1
Ezreal,Rakan,Gangplank,Ryze,Taliyah,Shen,LeBlanc,Graves,Tahm Kench,Varus,1
Pyke,Katarina,Taliyah,Orianna,Irelia,Yasuo,Kai'Sa,Gragas,Nidalee,Blitzcrank,1
Gragas,LeBlanc,Ezreal,Lee Sin,Urgot,Nidalee,Gnar,Tahm Kench,Irelia,Xayah,1
Ornn,Taliyah,Fizz,Yasuo,Pyke,Aurelion Sol,Camille,Jayce,Varus,Rakan,1
Ornn,Lee Sin,Lulu,Twitch,Nunu & Willump,Irelia,Taliyah,Karthus,Kai'Sa,Thresh,1
Karthus,Camille,Kassadin,Irelia,Taric,Shen,Olaf,Akali,Yasuo,Alistar,1
Kindred,Tahm Kench,Darius,Draven,Irelia,Yasuo,Gragas,Kai'Sa,Ornn,Talon,1
Ornn,Taliyah,Irelia,Swain,Gragas,Aatrox,Graves,Galio,Miss Fortune,Rakan,0
Lee Sin,Kalista,Thresh,Yasuo,Urgot,Kai'Sa,Rakan,Jayce,Olaf,Aatrox,1
Poppy,Lee Sin,Corki,Ezreal,Tahm Kench,Camille,Nidalee,Galio,Tristana,Braum,1
Jayce,LeBlanc,Taliyah,Alistar,Ezreal,Gragas,Lee Sin,Pyke,Aatrox,Lucian,0
Ryze,Braum,LeBlanc,Kai'Sa,Graves,Lee Sin,Alistar,Jayce,Kassadin,Yasuo,1
Gnar,Taliyah,Orianna,Irelia,Shen,Ryze,Camille,Zed,Swain,Gragas,1
Shen,Yasuo,Xin Zhao,Gragas,Ezreal,Irelia,Aatrox,Taliyah,Ryze,Morgana,0
Yasuo,Akali,Shen,Nidalee,Irelia,Sejuani,Kai'Sa,Aatrox,Morgana,Singed,0
Yasuo,Zoe,Gragas,Pyke,Gangplank,Camille,Kai'Sa,Zed,Rakan,Jax,1
Katarina,Darius,Camille,Leona,Ezreal,Kindred,Jayce,Alistar,Kai'Sa,Kassadin,1
Irelia,Trundle,Syndra,Ezreal,Rakan,Gragas,Camille,Yasuo,Varus,Taliyah,1
Trundle,Nami,Katarina,Renekton,Jinx,Zoe,Aatrox,Ashe,Karma,Gragas,1
Camille,Lee Sin,LeBlanc,Ashe,Tahm Kench,Aatrox,Trundle,Yasuo,Tristana,Rakan,1
Urgot,Hecarim,Katarina,Swain,Sion,Yasuo,Evelynn,Irelia,Kai'Sa,Lulu,1
Singed,Xin Zhao,Ryze,Yasuo,Tahm Kench,Kennen,Lee Sin,Aatrox,Ezreal,Zoe,1
Tahm Kench,Yasuo,LeBlanc,Taliyah,Aatrox,Tristana,Irelia,Rakan,Urgot,Kindred,1
Irelia,Kindred,Yasuo,Swain,Sion,Gangplank,Gragas,Viktor,Varus,Alistar,1
Ryze,Lee Sin,LeBlanc,Lucian,Rakan,Kai'Sa,Camille,Irelia,Jayce,Nami,0
Rumble,Camille,Swain,Ezreal,Rakan,Poppy,Trundle,Ryze,Vayne,Alistar,1
Gnar,Evelynn,Irelia,Ezreal,Braum,Malphite,Taliyah,Gragas,Zoe,Rakan,1
Urgot,Camille,Syndra,Yasuo,Rakan,Jayce,Skarner,LeBlanc,Jhin,Morgana,1
Kai'Sa,Morgana,Urgot,Xin Zhao,Galio,Trundle,Lulu,Karma,Twitch,Gangplank,1
Warwick,Rakan,Jinx,Taliyah,Irelia,Zilean,Ezreal,Darius,Kindred,Morgana,0
Camille,Jayce,Gragas,Irelia,Kennen,Yasuo,Kai'Sa,Rakan,Rek'Sai,Rumble,0
Ryze,Trundle,Akali,Jhin,Tahm Kench,Shen,Ezreal,Urgot,Xin Zhao,Talon,0
Gangplank,Taliyah,LeBlanc,Twitch,Lulu,Rumble,Gragas,Aatrox,Irelia,Pyke,1
Aatrox,Lee Sin,Syndra,Tristana,Pyke,Urgot,Graves,LeBlanc,Lucian,Soraka,1
Gragas,LeBlanc,Urgot,Lee Sin,Vayne,Kai'Sa,Pyke,Aatrox,Nidalee,Irelia,1
Fiora,Gragas,Irelia,Pyke,Varus,Quinn,Taliyah,Aatrox,Lucian,Alistar,1
Darius,Lee Sin,Katarina,Tristana,Thresh,Kennen,Gragas,Ryze,Vayne,Janna,1
Sion,Camille,LeBlanc,Vayne,Morgana,Aatrox,Olaf,Viktor,Ezreal,Tahm Kench,0
Kai'Sa,Alistar,Camille,Lee Sin,Malphite,Graves,Irelia,Thresh,Lucian,Kennen,0
Irelia,Lucian,Taliyah,Shen,Jarvan IV,Kai'Sa,Jayce,Yasuo,Gragas,Pyke,0
Sion,Trundle,Syndra,Ezreal,Pyke,Camille,Gragas,Jayce,Jinx,Thresh,1
Master Yi,Blitzcrank,Gnar,Xerath,Vel'Koz,Nasus,Fizz,Ivern,Lux,Ekko,1
Ornn,Kindred,Swain,Lucian,Braum,Fiora,Nidalee,Irelia,Xayah,Rakan,1
Evelynn,Zed,Lee Sin,Twisted Fate,Soraka,Blitzcrank,Swain,Darius,Syndra,Hecarim,1
Aatrox,Kayn,LeBlanc,Lucian,Thresh,Zoe,Nidalee,Urgot,Varus,Nautilus,1
Sion,Xin Zhao,Irelia,Ezreal,Tahm Kench,Rengar,Kindred,LeBlanc,Xayah,Rakan,1
LeBlanc,Twitch,Gragas,Xin Zhao,Irelia,Lee Sin,Kassadin,Pyke,Swain,Aatrox,0
Aatrox,Gragas,Irelia,Lucian,Bard,Fiora,Lee Sin,Ryze,Varus,Nautilus,1
Jax,Taliyah,Syndra,Twitch,Alistar,Kennen,Kindred,LeBlanc,Kai'Sa,Rakan,0
Gangplank,Taliyah,Irelia,Kalista,Thresh,Sion,Graves,Orianna,Tristana,Gragas,1
Warwick,Yasuo,Nunu & Willump,Olaf,Akali,Kai'Sa,Nidalee,Gragas,Aatrox,Mordekaiser,1
Alistar,Evelynn,Malphite,Kai'Sa,Zoe,Rakan,Rengar,Vladimir,Miss Fortune,Camille,0
Gragas,Fiora,Yasuo,Varus,Pyke,Tahm Kench,Lee Sin,LeBlanc,Aatrox,Ashe,1
Akali,Morgana,Viktor,Miss Fortune,Twisted Fate,Irelia,Brand,Nunu & Willump,Vel'Koz,Sivir,0
Ryze,Tahm Kench,Urgot,Zac,Ezreal,Tristana,LeBlanc,Lee Sin,Nautilus,Aatrox,0
Lee Sin,Yasuo,Shen,Aatrox,LeBlanc,Gragas,Zed,Ryze,Sivir,Graves,1
Syndra,Graves,Xayah,Malphite,Braum,Ezreal,Irelia,Rumble,Taliyah,Gragas,1
Alistar,Varus,Gragas,Irelia,Jayce,Ezreal,Urgot,Rakan,Zoe,Camille,0
Camille,Lucian,Shen,LeBlanc,Gangplank,Irelia,Gragas,Aatrox,Morgana,Yasuo,1
Rakan,Irelia,Heimerdinger,Shaco,Quinn,Twitch,Lux,Vladimir,Kha'Zix,Sivir,0
Heimerdinger,Camille,Varus,Nautilus,Jayce,Tryndamere,Evelynn,Cassiopeia,Shaco,Kalista,1
Malphite,Gragas,Karma,Kai'Sa,Rakan,Darius,Trundle,Fizz,Caitlyn,Morgana,0
Shen,Kai'Sa,Singed,Kindred,Galio,Nocturne,Zoe,Gragas,Graves,Vladimir,1
Ryze,Xin Zhao,Katarina,Lucian,Morgana,Swain,Sejuani,Yasuo,Orianna,Fiddlesticks,1
Gnar,Kai'Sa,Kassadin,Shen,Rek'Sai,Nidalee,Camille,Ezreal,Soraka,LeBlanc,1
Galio,Ashe,Shaco,Yasuo,Jhin,Azir,Nunu & Willump,Camille,Kled,Aatrox,0
Yasuo,Olaf,Alistar,Ornn,Ryze,Urgot,Jayce,Gragas,Camille,Ezreal,0
Olaf,Fiora,Shen,LeBlanc,Ezreal,Darius,Ryze,Tahm Kench,Graves,Akali,0
Camille,Shen,Vayne,Gnar,Ryze,Kai'Sa,Gragas,Yasuo,Braum,Quinn,0
Ryze,Kayn,Galio,Yasuo,Nautilus,Jayce,Kha'Zix,Azir,Kai'Sa,Leona,1
LeBlanc,Fiora,Gragas,Kai'Sa,Graves,Aatrox,Ryze,Kindred,Pyke,Syndra,0
Irelia,Taliyah,Pyke,Aatrox,Rumble,Yasuo,Camille,Nidalee,Singed,Gragas,0
Renekton,Camille,Talon,Twitch,Tahm Kench,Jax,Lee Sin,Syndra,Miss Fortune,Shen,1
Jax,Nocturne,Jayce,Kai'Sa,Morgana,Gragas,Kindred,Katarina,Varus,Tahm Kench,1
Maokai,Jayce,Ezreal,Nidalee,Nami,Kog'Maw,Graves,Darius,Lulu,Anivia,0
Ryze,Camille,Vel'Koz,Lucian,Alistar,Aatrox,Kindred,Orianna,Kai'Sa,Rakan,1
Jayce,Taliyah,Xerath,Xayah,Fiddlesticks,Poppy,Gragas,Vel'Koz,Kai'Sa,Rakan,1
Jax,Gragas,Irelia,Kalista,Yasuo,Aatrox,Kindred,Ryze,Kai'Sa,Rakan,1
Kled,Gragas,Yasuo,Ezreal,Alistar,Poppy,Nidalee,Vladimir,Lucian,Shen,1
Urgot,Gragas,Viktor,Ezreal,Pyke,Ryze,Lee Sin,Kassadin,Varus,Zyra,0
Jayce,Kindred,Gragas,Cho'Gath,Morgana,Irelia,Lee Sin,Zoe,Kai'Sa,Tahm Kench,0
Varus,Shen,Aatrox,Taliyah,Jayce,Irelia,Yasuo,Ryze,Olaf,Morgana,1
Rakan,Gragas,Urgot,Yasuo,Xayah,Evelynn,Ashe,Leona,LeBlanc,Ryze,1
Gragas,Graves,Aatrox,Jinx,Braum,Urgot,Kindred,Ryze,Ezreal,Alistar,1
Irelia,Amumu,Lee Sin,Sivir,Camille,Gangplank,Alistar,Gragas,Ashe,Syndra,1
Fiora,Olaf,LeBlanc,Ezreal,Tahm Kench,Jax,Nidalee,Irelia,Lucian,Rakan,0
Camille,Ezreal,Soraka,Galio,Jayce,Gragas,Tahm Kench,Jax,Jinx,Akali,1
Jayce,Kassadin,Alistar,Jinx,Gragas,LeBlanc,Camille,Braum,Sivir,Urgot,0
Urgot,Xin Zhao,LeBlanc,Xayah,Gragas,Quinn,Taliyah,Lulu,Varus,Rakan,0
Aatrox,Lee Sin,Aurelion Sol,Varus,Gragas,Poppy,Xin Zhao,Vladimir,Kai'Sa,Alistar,1
Lee Sin,Ezreal,LeBlanc,Rakan,Aatrox,Jhin,Gragas,Elise,Yasuo,Urgot,0
Gragas,Thresh,Evelynn,Jinx,Talon,Kassadin,Braum,Varus,Jayce,Lee Sin,0
Yasuo,Rakan,Jinx,Taliyah,Ryze,Olaf,Gangplank,Kai'Sa,Gragas,Talon,1
Gangplank,Kindred,Irelia,Vladimir,Pyke,Cho'Gath,Xin Zhao,Katarina,Ezreal,Zilean,0
Fiora,Kindred,Katarina,Kai'Sa,Gragas,Ryze,Camille,Maokai,Yasuo,Shen,0
Zoe,Lux,Ezreal,Caitlyn,Shen,Rakan,Pyke,Twisted Fate,LeBlanc,Vi,0
Dr. Mundo,Lee Sin,Twisted Fate,Zed,Shen,Cho'Gath,Kindred,Jayce,Irelia,Rakan,1
Jayce,Taliyah,Gragas,Ashe,Braum,Katarina,Lee Sin,Urgot,Kai'Sa,Alistar,0
Fiora,Sejuani,LeBlanc,Yasuo,Braum,Tahm Kench,Nidalee,Aatrox,Twitch,Morgana,0
Vladimir,Kindred,Akali,Jinx,Shen,Jax,Camille,Sion,Varus,Gragas,0
Gragas,Alistar,Trundle,Kassadin,Yasuo,Pyke,Jhin,Akali,Camille,Kindred,1
Kennen,Irelia,Pyke,Gragas,Kai'Sa,Kindred,Lee Sin,Rakan,Singed,Syndra,0
Aatrox,Kindred,LeBlanc,Ryze,Tahm Kench,Fiora,Xin Zhao,Cassiopeia,Jhin,Shen,1
Quinn,Kennen,Pyke,Taliyah,Yasuo,Kindred,Rakan,Irelia,Gragas,Ezreal,1
Ornn,Xin Zhao,Syndra,Ezreal,Rakan,Gangplank,Gragas,Malzahar,Jayce,Braum,0
Akali,Gragas,Maokai,Hecarim,Camille,Aatrox,Xayah,Yasuo,Singed,Akali,1
Miss Fortune,Akali,Zoe,Rammus,Ezreal,Morgana,Ryze,Evelynn,Alistar,Nidalee,1
Akali,Gragas,Jayce,Jhin,Alistar,Kennen,Lee Sin,Ryze,Kai'Sa,Garen,0
Urgot,Ezreal,Gragas,Yasuo,Taliyah,Morgana,Aatrox,Jayce,Pyke,Xin Zhao,1
Gnar,Ezreal,Irelia,Gragas,Soraka,Jhin,Ryze,Fizz,Rakan,Lee Sin,1
Tryndamere,Evelynn,Veigar,Kai'Sa,Soraka,Singed,Gragas,Ryze,Ezreal,Pyke,1
Morgana,Gnar,Ryze,Camille,Talon,Jayce,Aatrox,Shen,Miss Fortune,Vladimir,1
Jax,Graves,Jhin,Soraka,Akali,Kindred,Kai'Sa,Shen,Zoe,Dr. Mundo,0
Sivir,Kassadin,Lee Sin,Pyke,Ryze,Varus,LeBlanc,Gragas,Jayce,Kindred,0
Syndra,Alistar,Yasuo,Ryze,Graves,Sivir,Gangplank,Tahm Kench,Akali,Lee Sin,1
Kai'Sa,Vladimir,Gragas,Taliyah,Aatrox,Akali,Darius,Kindred,Varus,Rakan,1
Gangplank,Camille,Aurelion Sol,Jinx,Leona,Renekton,Gragas,Ryze,Kai'Sa,Morgana,0
Irelia,Taliyah,Renekton,Quinn,Braum,Camille,Nidalee,Talon,Ekko,Shen,1
Aatrox,Morgana,Ezreal,Kayn,Swain,Poppy,Akali,Irelia,Nidalee,Rakan,0
Twitch,Sion,Kog'Maw,Jhin,Yasuo,Darius,Yasuo,Ornn,Cassiopeia,Karthus,0
Urgot,Katarina,Ezreal,Alistar,Lee Sin,Ryze,Shen,Akali,Varus,Nidalee,1
Gnar,Gragas,Vladimir,Ezreal,Shen,Quinn,Kindred,LeBlanc,Varus,Rakan,0
Syndra,Pyke,Aatrox,Olaf,Ashe,Pantheon,Taliyah,Gragas,Varus,Jayce,1
Jayce,Xin Zhao,Katarina,Kai'Sa,Gragas,Ryze,Trundle,Irelia,Jinx,Alistar,1
Jayce,Nidalee,Cho'Gath,Xayah,Rakan,Kai'Sa,Gragas,Yasuo,Pyke,Aatrox,1
Camille,Lee Sin,Lissandra,Kai'Sa,Gragas,Cho'Gath,Kindred,LeBlanc,Aatrox,Shen,1
Riven,Soraka,Camille,Varus,Yasuo,Morgana,Singed,Taric,Miss Fortune,Master Yi,1
Gangplank,Lee Sin,Taliyah,Lucian,Braum,Akali,Nocturne,Katarina,Jhin,Shen,0
Gangplank,Nidalee,Alistar,Irelia,Ashe,Rakan,Gragas,Xayah,Varus,Taliyah,0
Jayce,Kindred,Veigar,Kai'Sa,Pyke,Gangplank,Sejuani,Akali,Varus,Morgana,1
Kennen,Varus,Camille,Taliyah,Nami,Kindred,Dr. Mundo,Ashe,Alistar,Anivia,1
Jayce,Gangplank,Braum,Nidalee,Ezreal,Zoe,Gragas,Kindred,Malphite,Swain,0
LeBlanc,Gangplank,Sivir,Tahm Kench,Taliyah,Akali,Shen,Kindred,Jhin,Ryze,0
Akali,Jhin,Olaf,Ryze,Alistar,Kassadin,Irelia,Pyke,Taliyah,Aatrox,0
Dr. Mundo,Taliyah,Yasuo,Vladimir,Shen,Camille,Sejuani,Jayce,Diana,Rakan,1
Talon,Sion,Rakan,Taliyah,Xayah,Gragas,Braum,Gangplank,Fiora,Kai'Sa,1
Gangplank,Taliyah,Darius,Irelia,Pyke,Urgot,Aatrox,Fizz,Ezreal,Rakan,1
Aatrox,Taliyah,Irelia,Ezreal,Soraka,Urgot,Xin Zhao,Ryze,Varus,Tahm Kench,1
Irelia,Kha'Zix,LeBlanc,Xayah,Alistar,Sion,Taliyah,Kassadin,Kai'Sa,Shen,0
Twitch,Tahm Kench,Kassadin,Kayn,Irelia,Sion,Graves,Kai'Sa,Zoe,Taric,1
Xayah,Zoe,Rakan,Trundle,Camille,Irelia,Pyke,Nocturne,LeBlanc,Gangplank,1
Ornn,Graves,Cassiopeia,Ezreal,Pyke,Aatrox,Lee Sin,Ryze,Jhin,Morgana,1
Rengar,Jhin,Lissandra,Aatrox,Syndra,LeBlanc,Urgot,Gnar,Evelynn,Vayne,1
Gangplank,Braum,Aatrox,Twitch,Nidalee,Alistar,Ryze,Irelia,Taliyah,Yasuo,1
Aatrox,Urgot,Gragas,Yasuo,Alistar,Ezreal,Tahm Kench,Olaf,Jayce,Fizz,1
Vladimir,Olaf,Irelia,Kai'Sa,Gragas,Urgot,Taliyah,Fiora,Tristana,Pyke,1
Gnar,Kindred,LeBlanc,Ashe,Braum,Urgot,Lee Sin,Karthus,Varus,Tahm Kench,1
Ryze,Kayn,Aatrox,Xayah,Gragas,Urgot,Lee Sin,Karthus,Jhin,Rakan,1
Ryze,Gragas,Irelia,Ashe,Leona,Darius,Kindred,Malzahar,Tristana,Rakan,1
Cho'Gath,Gragas,Taliyah,Kindred,Irelia,Nidalee,Alistar,Corki,Singed,Jhin,1
Zilean,Urgot,Aatrox,Twitch,Nidalee,Syndra,Ryze,Lee Sin,Gragas,Kai'Sa,0
Urgot,Soraka,Graves,Varus,Talon,Thresh,Kassadin,Ashe,Lee Sin,Akali,0
Cho'Gath,Kindred,Irelia,Swain,Thresh,Ryze,Gragas,Kled,Kai'Sa,Braum,1
Gragas,Kennen,Rakan,Jayce,Rumble,Akali,Camille,Evelynn,Thresh,Kai'Sa,1
Vladimir,Graves,Fizz,Kai'Sa,Gragas,Gangplank,Jax,Akali,Varus,Alistar,1
Ezreal,Irelia,Xin Zhao,Pyke,Ryze,Aurelion Sol,Vel'Koz,Kai'Sa,Trundle,Jayce,1
Nami,Nidalee,LeBlanc,Quinn,Xayah,Morgana,Gragas,Jinx,Yasuo,Taliyah,0
Ryze,Nidalee,Jayce,Kai'Sa,Rakan,Camille,Kindred,Vladimir,Cho'Gath,Shen,1
Gnar,Evelynn,Alistar,Ryze,Lucian,Talon,Gragas,Lee Sin,Kai'Sa,Jayce,0
Ryze,Taliyah,Yasuo,Tristana,Pyke,Gangplank,Nidalee,Akali,Kai'Sa,Shen,0
Ezreal,Karma,Akali,Graves,Ryze,Aatrox,Xin Zhao,Pyke,Zoe,Twitch,1
Gangplank,Taliyah,Lissandra,Jayce,Alistar,Urgot,Camille,Akali,Kai'Sa,Braum,0
Rakan,Jax,Olaf,Ekko,Azir,Morgana,Kai'Sa,Taliyah,Yasuo,Gangplank,0
Camille,Taric,Ezreal,Nidalee,Ryze,Kai'Sa,Morgana,Jax,Yasuo,Taliyah,1
Ryze,Xin Zhao,Yasuo,Ezreal,Shen,Gangplank,Taliyah,Quinn,Lucian,Gragas,1
Xin Zhao,Irelia,Vladimir,Morgana,Tryndamere,Zoe,Akali,Aatrox,Lee Sin,Alistar,0
Quinn,Nidalee,Aatrox,Kai'Sa,Tahm Kench,Irelia,Taliyah,LeBlanc,Ezreal,Pyke,1
Fiora,Ekko,Rengar,Fiddlesticks,Akali,Graves,Shen,Camille,LeBlanc,Ashe,1
Gangplank,Kindred,Aatrox,Kai'Sa,Blitzcrank,Ornn,Camille,Azir,Lucian,Rakan,1
Kled,Jax,Camille,Rakan,Jinx,Gragas,Ryze,Lee Sin,Alistar,Gangplank,0
Jayce,Taliyah,LeBlanc,Sivir,Lulu,Aatrox,Kindred,Kassadin,Morgana,Shen,1
Camille,Alistar,Dr. Mundo,Yasuo,Irelia,Kai'Sa,Gragas,Quinn,Aatrox,Trundle,0
Draven,Kassadin,Gragas,Yasuo,Leona,Jayce,Alistar,Camille,Kai'Sa,Gnar,1
Urgot,Olaf,Zoe,Varus,Rakan,Ryze,Taliyah,Aatrox,Swain,Tahm Kench,0
Camille,Ezreal,Taliyah,Irelia,Gragas,Kled,Kai'Sa,Akali,Kindred,Pyke,1
Camille,Kassadin,Shen,Poppy,Xayah,LeBlanc,Graves,Ezreal,Tahm Kench,Darius,0
Poppy,Lucian,Gangplank,Zoe,Taliyah,Alistar,Rengar,Cassiopeia,Dr. Mundo,Yasuo,1
Ryze,Evelynn,Yasuo,Lucian,Leona,Quinn,Taliyah,Irelia,Swain,Pyke,0
Yasuo,Camille,Rumble,Vladimir,Shen,Irelia,Gragas,Darius,Ezreal,Morgana,1
Soraka,Talon,Gragas,Taliyah,Vladimir,Ekko,Swain,Kindred,Bard,Yasuo,1
Swain,Lee Sin,Ekko,Ezreal,Gragas,Gnar,Elise,Kled,Kai'Sa,Alistar,0
Gangplank,Taliyah,Karthus,Swain,Rakan,Darius,Evelynn,Katarina,Draven,Pyke,0
Jayce,Nocturne,Vladimir,Yasuo,Alistar,Lucian,Sejuani,Kled,Swain,Soraka,1
Taliyah,Ekko,Yasuo,Camille,Morgana,Gragas,Nocturne,Xayah,Vladimir,Ryze,1
Kennen,Talon,Camille,Swain,Morgana,Ezreal,Nocturne,Pyke,Ryze,Darius,1
Jayce,Pyke,Dr. Mundo,Kindred,Zilean,Thresh,Morgana,Talon,Gragas,Camille,0
Kled,Morgana,Leona,Camille,Lee Sin,Nidalee,Rakan,Aurelion Sol,Gangplank,Vladimir,1
Rakan,Rumble,Jayce,Graves,Ezreal,Cho'Gath,Kindred,Gangplank,Leona,Zoe,1
Trundle,Yasuo,Karma,Soraka,Kled,Jayce,Ezreal,Ryze,Gragas,Rakan,1
Kindred,Camille,Shen,Mordekaiser,Lulu,Kennen,Yasuo,Gragas,Rakan,Xayah,0
Jayce,Kindred,Taliyah,Kalista,Pyke,Kled,Lee Sin,Aurelion Sol,Lucian,Shen,1
Gragas,Camille,Lissandra,Lucian,Pyke,Kennen,Xin Zhao,LeBlanc,Poppy,Alistar,1
Camille,Alistar,Graves,Ezreal,Aurelion Sol,Xayah,Rakan,Gragas,Talon,Lulu,1
Jayce,Camille,Rakan,Xayah,Aurelion Sol,Xin Zhao,Ornn,Vladimir,Alistar,Yasuo,0
Gangplank,Jax,Ryze,Lucian,Bard,Fiora,Lee Sin,Vel'Koz,Varus,Braum,0
Gangplank,Nidalee,Tahm Kench,Ashe,Jayce,Kai'Sa,Gragas,Graves,Akali,Lissandra,1
Pyke,Kha'Zix,Rengar,Nunu & Willump,Aatrox,Nunu & Willump,Nidalee,Ahri,Syndra,Sona,1
Irelia,Gragas,Sion,Xayah,Rakan,Urgot,Alistar,Lucian,Kindred,Karthus,1
Pyke,Jhin,Vel'Koz,Ezreal,Rumble,Camille,Jhin,Nidalee,Lucian,Kai'Sa,0
Camille,Ryze,Kai'Sa,Urgot,Gragas,Lee Sin,Akali,Lucian,Alistar,Gangplank,1
Ryze,Kindred,Syndra,Kai'Sa,Gragas,Aatrox,Graves,Twisted Fate,Xayah,Rakan,1
Poppy,Gragas,Darius,Kai'Sa,Soraka,Gnar,Kindred,Irelia,Sivir,Morgana,1
Kalista,Yasuo,Jayce,Sejuani,Rakan,Ryze,LeBlanc,Gragas,Pyke,Irelia,1
Gangplank,Gragas,Yasuo,Varus,Morgana,Urgot,Nunu & Willump,Irelia,Cho'Gath,Alistar,1
Gragas,Olaf,Irelia,Kai'Sa,Braum,Gnar,Taliyah,Aatrox,Ezreal,Ornn,1
Ryze,Ezreal,Aatrox,Taliyah,Gragas,Alistar,Yasuo,Jax,Akali,Lee Sin,0
Urgot,Xayah,Rakan,Poppy,Kindred,Tahm Kench,Ryze,Lee Sin,Jinx,Irelia,0
Irelia,Jarvan IV,Syndra,Kai'Sa,Tahm Kench,Fiora,Gragas,Karthus,Sivir,Alistar,1
Akali,Lee Sin,Ryze,Sivir,Alistar,Irelia,Graves,LeBlanc,Kai'Sa,Gragas,0
Ezreal,Irelia,Yasuo,Pyke,Gragas,Darius,Olaf,Blitzcrank,Kai'Sa,Rumble,1
Gragas,Zoe,Quinn,Graves,Orianna,Jhin,Aatrox,Nidalee,Jayce,Alistar,1
Camille,Zoe,Ezreal,Shen,Quinn,Fizz,Gangplank,Kai'Sa,Alistar,Lee Sin,1
Vayne,Camille,Gnar,Twisted Fate,Shen,Alistar,Aatrox,Kai'Sa,Zoe,Lee Sin,0
Jayce,Lulu,Olaf,Alistar,Kai'Sa,Taliyah,Xayah,LeBlanc,Rakan,Poppy,1
Urgot,Graves,Akali,Yasuo,Alistar,Aatrox,Lee Sin,Aurelion Sol,Jinx,Gragas,1
Gangplank,Nocturne,Aurelion Sol,Ryze,Morgana,Akali,Taliyah,Twisted Fate,Ezreal,Tahm Kench,1
Aatrox,Tahm Kench,Gragas,Kai'Sa,Nidalee,Ezreal,Renekton,Talon,Camille,Morgana,0
Irelia,Pyke,Darius,Vladimir,Lee Sin,Ryze,Shen,Yasuo,Gragas,Tristana,0
Zoe,Gangplank,Akali,Kindred,Cho'Gath,Camille,Kai'Sa,Shen,Vladimir,Irelia,0
Yasuo,Taliyah,Dr. Mundo,Alistar,Ezreal,Kai'Sa,Trundle,Morgana,Gnar,Aatrox,0
Aatrox,Evelynn,Jayce,Kai'Sa,Morgana,Camille,Rengar,Azir,Caitlyn,Gragas,1
Dr. Mundo,Zac,Fizz,Kai'Sa,Morgana,Kled,Xin Zhao,Talon,Yasuo,Gragas,1
Yasuo,Lee Sin,Rakan,Ryze,Talon,Ekko,Skarner,Varus,Tahm Kench,Kennen,1
Cho'Gath,Xin Zhao,Syndra,Kai'Sa,Rakan,Gangplank,Gragas,Zoe,Ryze,Shen,0
Poppy,Ashe,Tahm Kench,Kled,Gragas,Ryze,Soraka,Kai'Sa,Camille,Fiora,1
Katarina,Camille,Rakan,Miss Fortune,Quinn,Vayne,Aatrox,Thresh,Gragas,Kassadin,0
Kennen,Jhin,Tahm Kench,Syndra,Graves,Irelia,Kha'Zix,Varus,Soraka,Zoe,1
Aatrox,Taliyah,Talon,Yasuo,Pyke,Rumble,Lee Sin,LeBlanc,Ezreal,Zilean,0
Jayce,Gragas,Yasuo,Xayah,Braum,Malphite,Lee Sin,Irelia,Kai'Sa,Soraka,1
Ezreal,Alistar,Trundle,Kennen,Aatrox,Gragas,Rakan,Olaf,Irelia,Vladimir,1
LeBlanc,Yasuo,Alistar,Gragas,Ryze,Xayah,Rakan,Kassadin,Kindred,Akali,0
Gragas,Lee Sin,Vladimir,Orianna,Tryndamere,Gangplank,Kindred,Braum,Kai'Sa,Aatrox,0
Kled,Lee Sin,Syndra,Twitch,Tahm Kench,Dr. Mundo,Taliyah,Akali,Lulu,Nautilus,1
Gragas,Camille,Zed,Ahri,Shen,Malphite,Lee Sin,Aatrox,Kai'Sa,Rakan,0
Darius,Renekton,Alistar,Gragas,Ryze,Taliyah,LeBlanc,Miss Fortune,Irelia,Tahm Kench,1
Kennen,Kindred,Cassiopeia,Xayah,Shen,Jayce,Kha'Zix,Ryze,Ashe,Rakan,0
Aatrox,Gragas,Irelia,Ezreal,Rakan,Kennen,Lee Sin,Ryze,Jhin,Tahm Kench,1
Akali,Lee Sin,Vel'Koz,Yasuo,Gragas,Jayce,Taliyah,Lulu,Varus,Shen,1
Aatrox,Kindred,Vladimir,Xayah,Rakan,Tryndamere,Taliyah,Irelia,Kai'Sa,Zilean,0
Irelia,Kindred,Akali,Miss Fortune,Fiddlesticks,Aatrox,Gragas,Syndra,Ezreal,Rakan,1
Ryze,Nunu & Willump,Akali,Varus,Tahm Kench,Renekton,Lee Sin,Syndra,Kai'Sa,Gragas,0
Karthus,Kindred,Vel'Koz,Kai'Sa,Alistar,Darius,Lee Sin,Ryze,Varus,Tahm Kench,0
Soraka,Malphite,Varus,Irelia,Gragas,Kai'Sa,Rumble,Morgana,Jayce,Kindred,1
Ryze,Fiora,Aatrox,Taliyah,Blitzcrank,Rengar,Gragas,Jinx,Alistar,Zoe,1
Trundle,LeBlanc,Gragas,Yasuo,Fiora,Thresh,Renekton,Lulu,Kai'Sa,Kindred,0
Ryze,Nidalee,Aatrox,Irelia,Tahm Kench,Gangplank,Lee Sin,Orianna,Yasuo,Rakan,1
Katarina,Shen,Graves,Yasuo,Darius,Sion,Zilean,Poppy,Swain,Olaf,1
Yasuo,Irelia,Shen,Gragas,Xayah,Aatrox,Darius,Morgana,Zac,Varus,1
Rek'Sai,Darius,Jayce,Alistar,Varus,Pyke,Yasuo,Ryze,Gragas,Aatrox,1
Gangplank,Xin Zhao,Irelia,Swain,Thresh,Darius,Kindred,Aurelion Sol,Yasuo,Alistar,0
Jax,Gragas,LeBlanc,Kha'Zix,Cho'Gath,Ezreal,Irelia,Nunu & Willump,Taliyah,Urgot,0
Alistar,Kai'Sa,Irelia,Gragas,Jayce,Xin Zhao,Zilean,Aatrox,Azir,Urgot,1
Dr. Mundo,Gragas,Lulu,Kai'Sa,Tahm Kench,Ryze,Lee Sin,LeBlanc,Kalista,Thresh,1
Jayce,Gragas,Irelia,Ezreal,Shen,Urgot,Taliyah,Yasuo,Varus,Tahm Kench,1
Corki,Tahm Kench,Nidalee,Gangplank,Jinx,Pyke,Jayce,Zoe,Kindred,Aatrox,0
Poppy,Vladimir,Jhin,Kindred,Tahm Kench,Urgot,Pyke,LeBlanc,Irelia,Graves,0
LeBlanc,Irelia,Lee Sin,Lulu,Twitch,Taliyah,Aatrox,Varus,Twisted Fate,Tahm Kench,1
Ezreal,Zoe,Illaoi,Fizz,Brand,Maokai,Elise,Graves,Tristana,Orianna,1
Pantheon,Irelia,Taliyah,Tahm Kench,Caitlyn,Jayce,Kai'Sa,Gragas,Nidalee,Camille,1
Xin Zhao,Aatrox,Rakan,Ezreal,Rumble,Irelia,Pantheon,Pyke,Taliyah,Lucian,0
Nami,Corki,Sejuani,Gragas,Twitch,Zac,Darius,Ezreal,LeBlanc,Rakan,1
Poppy,Taliyah,Jayce,Xayah,Alistar,Ornn,Nidalee,Aatrox,Ezreal,Nautilus,0
Tahm Kench,Gangplank,Olaf,Jinx,Rumble,Pyke,Akali,Corki,Taliyah,Ezreal,0
Yasuo,Darius,Zoe,Lee Sin,Alistar,Kai'Sa,Rakan,Evelynn,Urgot,Aatrox,1
Jinx,Nidalee,Tahm Kench,Ryze,Yasuo,Vel'Koz,Camille,Jarvan IV,Graves,Gragas,0
Gragas,Twisted Fate,Ezreal,Kindred,Darius,Jayce,LeBlanc,Shen,Vladimir,Rek'Sai,1
Gragas,Lee Sin,Yasuo,Malphite,Ezreal,Talon,Evelynn,Pyke,Cho'Gath,Quinn,1
Soraka,Kai'Sa,Jax,Evelynn,Galio,Taliyah,Zoe,Kalista,Swain,Varus,0
Akali,Gragas,Aatrox,Varus,Alistar,Urgot,Kindred,Galio,Jhin,Tahm Kench,1
Aatrox,Pyke,Gragas,Twisted Fate,Ashe,Evelynn,Galio,Rakan,Darius,Ezreal,1
Zilean,Ahri,Tahm Kench,Hecarim,Aatrox,Akali,Kindred,Yasuo,Alistar,Singed,1
Galio,Camille,Kalista,Swain,Rumble,Yasuo,Gragas,Kai'Sa,Master Yi,Cho'Gath,1
Lee Sin,Ryze,Morgana,Varus,Kled,Vladimir,Poppy,Kindred,LeBlanc,Yasuo,0
Gangplank,Camille,Malzahar,Swain,Pyke,Fiora,Kindred,Zoe,Ezreal,Alistar,0
Sejuani,Ryze,Tahm Kench,Irelia,Ezreal,Varus,Alistar,LeBlanc,Olaf,Tryndamere,0
Irelia,Kindred,Camille,Soraka,Shen,Dr. Mundo,Xin Zhao,Riven,Swain,Tahm Kench,0
Xin Zhao,Gragas,Brand,Darius,Irelia,Talon,Swain,Fiddlesticks,Camille,Singed,0
Gragas,Nidalee,Irelia,Ezreal,Rakan,Darius,Camille,Galio,Swain,Pyke,1
Kennen,Irelia,Sejuani,Vladimir,Gragas,Pyke,Taliyah,Poppy,Ezreal,Camille,0
Malphite,Nidalee,Orianna,Lucian,Fiddlesticks,Camille,Taliyah,Syndra,Kalista,Gragas,0
Singed,Darius,Swain,Graves,Tahm Kench,Ryze,Talon,Sejuani,Yasuo,Alistar,0
Darius,Singed,Jarvan IV,Pyke,Mordekaiser,Evelynn,Irelia,Fiddlesticks,Dr. Mundo,Talon,1
Ryze,Irelia,Poppy,Xin Zhao,Morgana,Fiddlesticks,Talon,Sejuani,Yasuo,Gangplank,0
Xin Zhao,Brand,Pyke,Yasuo,Swain,Kindred,Singed,Ziggs,Tahm Kench,Talon,0
Swain,Taric,Sejuani,Singed,Talon,Taliyah,Fiddlesticks,Poppy,Ezreal,Camille,0
Renekton,Kindred,Katarina,Ezreal,Rakan,Camille,Sejuani,Orianna,Yasuo,Pyke,1
Gragas,Alistar,Riven,Yasuo,Nidalee,Rumble,Pyke,Darius,Swain,Lee Sin,1
Rakan,Jayce,Ezreal,Olaf,Akali,Aatrox,Taliyah,Shen,Gnar,Yasuo,0
Lissandra,Kindred,Twisted Fate,Swain,Poppy,Jayce,Camille,Pyke,Heimerdinger,LeBlanc,1
Gangplank,Nidalee,Irelia,Swain,Nautilus,Fiddlesticks,Talon,Kindred,Vladimir,Darius,0
Fiddlesticks,Gragas,Heimerdinger,Kindred,Orianna,Darius,Twisted Fate,Nocturne,Zoe,Ezreal,1
Graves,Ezreal,Pyke,Dr. Mundo,Zoe,Taliyah,Kassadin,Swain,Fiddlesticks,Jayce,1
Gragas,Evelynn,Ryze,Yasuo,Pyke,Jax,Trundle,Vladimir,Ashe,Tahm Kench,0
Cho'Gath,Lee Sin,Lulu,Miss Fortune,Shen,Kennen,Gragas,Talon,Ezreal,Tahm Kench,1
Dr. Mundo,Taliyah,Jayce,Ezreal,Tahm Kench,Jax,Kindred,Zoe,Swain,Pyke,1
Jayce,Jhin,Janna,Nidalee,Aatrox,Ezreal,Gragas,Trundle,Ryze,Lissandra,0
Gangplank,Camille,Ezreal,Gragas,LeBlanc,Lucian,Jayce,Rakan,Ryze,Taliyah,0
Jayce,Ezreal,Gragas,Nidalee,Kennen,Kai'Sa,Twisted Fate,Soraka,Kindred,Irelia,1
Varus,Tahm Kench,Zoe,Poppy,Skarner,Syndra,Jayce,Miss Fortune,Shen,Kindred,0
Orianna,Rakan,Swain,Taliyah,Gangplank,Gnar,Shen,Gragas,Kindred,Xin Zhao,0
Quinn,Kai'Sa,Pyke,Tryndamere,Graves,Aatrox,Gragas,Tahm Kench,Irelia,Jhin,1
Morgana,Graves,Pyke,Blitzcrank,Ekko,Jarvan IV,Singed,Ezreal,Fiddlesticks,Vladimir,0
Malphite,Miss Fortune,Yasuo,Alistar,Graves,Kennen,Tahm Kench,Jayce,Evelynn,Zed,1
Poppy,Evelynn,Zed,Kai'Sa,Rakan,Tryndamere,Taliyah,Zoe,Miss Fortune,Gragas,1
Akali,Gragas,Jayce,Kai'Sa,Rakan,Miss Fortune,Camille,Zoe,Aatrox,Shen,0
Gragas,Taliyah,Akali,Ezreal,Morgana,Camille,Rengar,Orianna,Zoe,Rakan,1
Lucian,Swain,Shen,Lee Sin,Aatrox,Kai'Sa,Gragas,Ryze,Zed,Camille,0
Gnar,Jhin,Tahm Kench,Xin Zhao,Orianna,Vel'Koz,Camille,Caitlyn,Morgana,Aatrox,0
Jayce,Camille,Garen,Kai'Sa,Gragas,Ryze,Nidalee,Syndra,Miss Fortune,Pyke,1
Quinn,Nidalee,Orianna,Kindred,Pyke,Jayce,Camille,Twisted Fate,Kai'Sa,Gragas,1
Miss Fortune,Darius,Shen,LeBlanc,Gragas,Zoe,Aatrox,Garen,Rakan,Kindred,1
Darius,Kennen,Graves,Rakan,Swain,Pyke,Irelia,Vladimir,Yasuo,Sejuani,0
Kai'Sa,Ryze,Karma,Gragas,Renekton,Lee Sin,Swain,Tahm Kench,Yasuo,Akali,1
Tryndamere,Olaf,Kassadin,Jhin,Gragas,Jayce,Rek'Sai,Zed,Kai'Sa,Morgana,1
Rakan,Ornn,Zoe,Ashe,Rengar,Kindred,Lulu,Pyke,Darius,Urgot,1
Yasuo,Jax,Zoe,Ezreal,Brand,Lucian,Xin Zhao,Rumble,Morgana,Karma,1
Yasuo,Xin Zhao,Lee Sin,Urgot,Vel'Koz,Jayce,Thresh,Ekko,Kindred,Ashe,0
Camille,Ekko,Fiddlesticks,Gragas,Kai'Sa,Rumble,Morgana,Swain,Nocturne,Fiora,1
Ezreal,Xin Zhao,Pyke,Zoe,Riven,Taliyah,Ekko,Kai'Sa,Rakan,Camille,0
Fiora,Kindred,Twisted Fate,Swain,Alistar,Ekko,Sejuani,Draven,Camille,Fiddlesticks,0
Jayce,Karma,Rakan,Trundle,Syndra,Gragas,Ryze,Malphite,Miss Fortune,Skarner,1
Jayce,Soraka,Skarner,Graves,Lissandra,Xayah,Blitzcrank,Vladimir,Talon,Camille,1
Jayce,Rakan,Yasuo,Evelynn,Xayah,Pyke,Sejuani,Singed,Kennen,Taliyah,0
Kled,Thresh,Elise,Jinx,Riven,Lee Sin,Ekko,Ezreal,Darius,Fiddlesticks,0
Fiddlesticks,Singed,Jayce,Kindred,Brand,Swain,Taliyah,Kennen,Talon,Shen,1
Ashe,Rumble,Kindred,Dr. Mundo,Tahm Kench,Pyke,Graves,Irelia,Swain,Ornn,1
Ornn,Xin Zhao,Zoe,Vladimir,Morgana,Fiora,Lee Sin,Syndra,Gangplank,Pyke,0
Nidalee,Singed,Darius,Rakan,Yasuo,Xayah,Gangplank,Shen,Talon,Taliyah,1
Ryze,Cassiopeia,Soraka,Kennen,Camille,Kindred,Lulu,Jax,Rakan,Vladimir,1
Nocturne,Nidalee,Yasuo,Vladimir,Shen,Swain,Graves,Rakan,Jax,Darius,0
Kindred,Ezreal,Pyke,Rumble,Ryze,Rakan,Singed,Irelia,Taliyah,Lucian,0
Jayce,Pyke,LeBlanc,Lee Sin,Yasuo,Zoe,Camille,Darius,Renekton,Shen,0
Singed,Riven,Camille,Draven,Lulu,Talon,Kindred,Morgana,Zoe,Ornn,1
Jax,Alistar,Lucian,Jayce,Kindred,Varus,Ornn,Katarina,Camille,Tahm Kench,1
LeBlanc,Rakan,Lee Sin,Irelia,Yasuo,Fiora,Cassiopeia,Kai'Sa,Graves,Gragas,1
Ezreal,Gragas,Soraka,Orianna,Jayce,Lee Sin,Rakan,Ryze,Varus,Syndra,0
Taliyah,Soraka,Aatrox,Varus,Lissandra,Blitzcrank,Corki,Gragas,Ezreal,Irelia,0
Shen,Kindred,Kennen,Caitlyn,Kassadin,Jax,Graves,Kai'Sa,Taliyah,Rakan,0
Aatrox,Cho'Gath,Varus,Taliyah,Morgana,Akali,Zilean,Zoe,Lee Sin,Ashe,0
Kindred,Nautilus,Jax,LeBlanc,Varus,Lee Sin,Irelia,Ahri,Ezreal,Tahm Kench,0
Kled,Sejuani,Vladimir,Ezreal,Tahm Kench,Aatrox,Lee Sin,Corki,Swain,Pyke,0
Aatrox,Gragas,Aurelion Sol,Ezreal,Alistar,Ryze,Lee Sin,Fizz,Jhin,Tahm Kench,0
Swain,Fiddlesticks,Zed,Zilean,Irelia,Akali,Brand,Kai'Sa,Nasus,Nidalee,0
Gangplank,Braum,Zoe,Kindred,Ezreal,Ryze,Jhin,Alistar,Xin Zhao,Aatrox,1
Aatrox,Graves,Cho'Gath,Varus,Morgana,Kennen,Xin Zhao,LeBlanc,Cassiopeia,Gragas,1
LeBlanc,Ezreal,Gragas,Lee Sin,Braum,Aatrox,Lissandra,Tahm Kench,Kindred,Varus,0
Alistar,Kindred,Aatrox,Quinn,Tristana,Akali,Jayce,Taliyah,Pyke,Varus,0
Camille,Master Yi,Lux,LeBlanc,Jinx,Maokai,Zed,Kindred,Sejuani,Miss Fortune,1
Trundle,Vel'Koz,Lucian,Urgot,Nami,Zoe,Garen,Rakan,Kindred,Ezreal,1
Gangplank,Nocturne,Ryze,Tristana,Leona,Gragas,Lee Sin,Ahri,Kai'Sa,Shen,0
Darius,Taliyah,Yasuo,Kai'Sa,Alistar,Ryze,Gragas,Irelia,Varus,Rakan,1
Alistar,Ahri,Lee Sin,Aatrox,Jhin,Irelia,Poppy,Ezreal,Evelynn,Malphite,1
Poppy,Lee Sin,Xerath,Yasuo,Irelia,Pyke,Katarina,Ezreal,Graves,Aurelion Sol,0
Aatrox,Swain,Lucian,Kindred,Gragas,Alistar,Rengar,LeBlanc,Fiora,Varus,0
Kennen,Olaf,Malzahar,Ashe,Braum,Singed,Xin Zhao,LeBlanc,Jinx,Nautilus,1
Tahm Kench,Kalista,Ryze,Kindred,Katarina,Gragas,Twisted Fate,Kled,Graves,Vladimir,1
Syndra,Ezreal,Yasuo,Shen,Lee Sin,Kai'Sa,Aatrox,Xin Zhao,Lissandra,Alistar,1
Hecarim,Ezreal,Jayce,Shen,Fizz,LeBlanc,Kai'Sa,Aatrox,Gragas,Janna,1
Gragas,Zoe,Vladimir,Gangplank,Olaf,Shen,Kindred,Ryze,Rumble,Ezreal,1
Fizz,Jarvan IV,Rumble,Ezreal,Blitzcrank,Akali,Lee Sin,Lissandra,Sivir,Morgana,1
Yasuo,Alistar,Cho'Gath,Evelynn,Ryze,Pyke,Akali,Trundle,Mordekaiser,Tryndamere,0
Skarner,Azir,Kai'Sa,Jayce,Alistar,Aatrox,Tahm Kench,Xerath,Lee Sin,Ezreal,0
Irelia,Pyke,Taliyah,Twitch,Renekton,Nidalee,Braum,Aatrox,Kai'Sa,Ryze,0
Morgana,Trundle,Zoe,Orianna,Sion,Lee Sin,Karthus,Jayce,Ekko,Rakan,1
Renekton,Lee Sin,Akali,Ezreal,Shen,Quinn,Olaf,Katarina,Varus,Nautilus,0
Pyke,Azir,Gragas,Jhin,Gnar,Jayce,Alistar,Vladimir,Taliyah,Kai'Sa,1
Jayce,Nunu & Willump,Akali,Ryze,Xerath,Kennen,Lee Sin,LeBlanc,Kai'Sa,Gragas,1
Irelia,Taliyah,Soraka,Ezreal,Gragas,Xin Zhao,Lucian,Orianna,Morgana,Yasuo,0
Nocturne,Ezreal,Fiddlesticks,Camille,Gangplank,Dr. Mundo,Swain,Taliyah,Aatrox,Morgana,0
Jarvan IV,Darius,Ezreal,Aatrox,Pyke,Irelia,Nidalee,Gragas,Jax,Kai'Sa,1
Cho'Gath,Xin Zhao,Twisted Fate,Ezreal,Soraka,Gragas,Kindred,Zoe,Taliyah,Morgana,1
Camille,Kindred,Jayce,Azir,Brand,Swain,Xin Zhao,Ekko,Kai'Sa,Rakan,1
Jax,Lee Sin,Twisted Fate,Ezreal,Rakan,Garen,Kha'Zix,Kennen,Varus,Shen,1
Leona,Camille,Orianna,Mordekaiser,Swain,Xerath,Ezreal,Jayce,Shen,Kindred,1
Akali,Olaf,Rakan,Xayah,Jayce,Poppy,Kai'Sa,Gragas,Skarner,Orianna,0
Jayce,Azir,Rakan,Kindred,Orianna,Taliyah,Tahm Kench,Twisted Fate,Gangplank,Kai'Sa,1
Kindred,Rakan,Darius,Zed,Ekko,Camille,Varus,Ryze,Tahm Kench,Gragas,0
Xin Zhao,Lucian,Ahri,Quinn,Rakan,Kindred,Kennen,Katarina,Blitzcrank,Ryze,0
Bard,Gragas,Kai'Sa,Kindred,Camille,Fizz,Lee Sin,Yasuo,Thresh,Kog'Maw,1
Ezreal,Taliyah,Rakan,Ryze,Lulu,Nocturne,Twisted Fate,Kai'Sa,Kennen,Shen,1
Ashe,Tahm Kench,Camille,Gragas,Jarvan IV,Trundle,Kai'Sa,Gangplank,Vel'Koz,Morgana,1
Kindred,Miss Fortune,Morgana,Orianna,Sion,Vel'Koz,Ezreal,Taliyah,Ryze,Rakan,1
Poppy,Kindred,Irelia,Cho'Gath,Shen,Rumble,Camille,Talon,Lucian,Rakan,0
Alistar,Gragas,Syndra,Aatrox,Yasuo,Varus,Morgana,Rumble,Orianna,Kindred,1
Caitlyn,Miss Fortune,Syndra,Illaoi,Camille,Jayce,Tahm Kench,Cho'Gath,Zoe,Skarner,0
Quinn,Lee Sin,Yasuo,Swain,Blitzcrank,Poppy,Graves,Akali,Karma,Rakan,0
Jayce,Nocturne,Fizz,Kennen,Tahm Kench,Gragas,Trundle,Ahri,Jhin,Rakan,1
Xin Zhao,Kindred,Zoe,Camille,Morgana,Ahri,Ezreal,Jayce,Lee Sin,Soraka,1
Trundle,Yasuo,Kennen,Thresh,Akali,Camille,Kai'Sa,Ahri,Braum,Ryze,1
Kai'Sa,Talon,Tahm Kench,Elise,Renekton,Yasuo,Gragas,Pyke,Graves,Galio,1
Gangplank,Zilean,Kennen,Jayce,Nidalee,Azir,Gragas,Pyke,Lucian,Irelia,1
Xin Zhao,Quinn,LeBlanc,Morgana,Renekton,Kindred,Camille,Dr. Mundo,Orianna,Rakan,0
Swain,Irelia,Talon,Fiddlesticks,Evelynn,Camille,Taliyah,Ezreal,Lee Sin,Soraka,0
Rumble,Taliyah,Zoe,Jhin,Soraka,Gragas,Xin Zhao,LeBlanc,Kai'Sa,Thresh,1
Swain,Yasuo,Singed,Fiddlesticks,Evelynn,Talon,Taliyah,Alistar,Fiora,Heimerdinger,0
Rumble,Karthus,Nocturne,Kled,Brand,Taliyah,Dr. Mundo,Pyke,Lucian,Zoe,1
Aatrox,Gragas,Irelia,Camille,Kennen,Lee Sin,Talon,Darius,Pyke,Swain,0
Taliyah,Talon,Fiddlesticks,Yasuo,Renekton,Rakan,Camille,Malzahar,Kai'Sa,Jax,1
Darius,Kha'Zix,LeBlanc,Vladimir,Fiddlesticks,Dr. Mundo,Nidalee,Ekko,Wukong,Rakan,1
Aatrox,Kindred,Syndra,Wukong,Gragas,Kled,Camille,Yasuo,Kayle,Braum,0
Irelia,Gangplank,Evelynn,Morgana,Ahri,Taliyah,Aatrox,Kindred,Soraka,Swain,0
Talon,Xin Zhao,Morgana,Nami,Gangplank,Nautilus,Kha'Zix,Swain,Vladimir,Zoe,1
Gragas,Xin Zhao,Irelia,Riven,Swain,Sejuani,Yasuo,Aatrox,Pyke,Wukong,0
Vladimir,Trundle,LeBlanc,Aatrox,Braum,Gangplank,Jax,Swain,Yasuo,Alistar,0
Garen,Kindred,Dr. Mundo,Lucian,Nami,Darius,Katarina,Gragas,Ezreal,Xin Zhao,0
Aatrox,Evelynn,Ahri,Lucian,Vel'Koz,Darius,Graves,Lissandra,Vladimir,Alistar,0
LeBlanc,Vladimir,Gangplank,Evelynn,Morgana,Fiddlesticks,Nocturne,Jayce,Swain,Aurelion Sol,1
Rakan,Swain,Jarvan IV,Orianna,Fiora,Riven,Camille,Zoe,Pyke,Xerath,0
Darius,Gangplank,Gragas,Mordekaiser,Xin Zhao,Irelia,Rakan,Yasuo,Ornn,Nocturne,0
Darius,Taliyah,Tahm Kench,Aatrox,Kassadin,Alistar,Elise,Yasuo,Heimerdinger,Renekton,1
Gangplank,Aatrox,LeBlanc,Yasuo,Alistar,Darius,Camille,Kassadin,Ezreal,Pyke,0
Taliyah,Talon,Pyke,Kennen,Tristana,Alistar,Yasuo,Ryze,Darius,Graves,1
Sejuani,Yasuo,Jhin,Ryze,Pyke,Taliyah,Ezreal,Shen,Gangplank,Cassiopeia,1
Kindred,Orianna,Shen,Gangplank,Yasuo,Gragas,Xayah,Rakan,Varus,Xin Zhao,0
Talon,Pyke,Xin Zhao,Swain,Dr. Mundo,Alistar,Ryze,Nocturne,Riven,Yasuo,1
Darius,Swain,Gragas,Jayce,Karthus,Rumble,Draven,Rakan,Aatrox,Talon,1
Aatrox,Pyke,Kassadin,Nidalee,Draven,Gnar,Kindred,Morgana,LeBlanc,Swain,1
Wukong,Taliyah,Jayce,Ezreal,Zilean,Camille,Nidalee,Ekko,Kai'Sa,Braum,1
Kennen,Nocturne,Cassiopeia,Yasuo,Nautilus,Jayce,Kindred,Kassadin,Swain,Shen,1
Kassadin,Camille,Ezreal,Shen,Quinn,Fiddlesticks,Gragas,Jayce,Gangplank,Morgana,1
Camille,Nidalee,Orianna,Ezreal,Tahm Kench,Gragas,Xin Zhao,Yasuo,Kai'Sa,Rakan,0
Jhin,Kha'Zix,Sion,Twisted Fate,Gragas,Rakan,Taliyah,Ryze,Gangplank,Xayah,1
Ornn,Taliyah,Yasuo,Kai'Sa,Rakan,Gragas,Rengar,Kassadin,Vladimir,Shen,1
Ryze,Graves,LeBlanc,Kai'Sa,Soraka,Gragas,Camille,Talon,Heimerdinger,Fiddlesticks,1
Gragas,Taliyah,Darius,Jhin,Tahm Kench,Gangplank,Nidalee,Irelia,Jinx,Alistar,1
Lee Sin,LeBlanc,Kai'Sa,Camille,Pyke,Twisted Fate,Xin Zhao,Gragas,Swain,Aatrox,1
Alistar,Ryze,Trundle,Fizz,Draven,Xin Zhao,Vayne,Darius,LeBlanc,Pyke,1
Kai'Sa,Yasuo,Alistar,Vladimir,Trundle,Graves,Dr. Mundo,Darius,Aatrox,LeBlanc,1
Wukong,Trundle,Blitzcrank,Azir,Swain,Wukong,Hecarim,Yasuo,Braum,Kindred,0
Gragas,Taliyah,Irelia,Kai'Sa,Braum,Lissandra,Nidalee,Jayce,Ezreal,Pyke,0
Fiora,Trundle,Vladimir,Ezreal,Rakan,Camille,Nidalee,Poppy,Orianna,Fiddlesticks,1
Jayce,Rakan,Irelia,Kai'Sa,Taliyah,Sion,Nocturne,Lucian,Yasuo,Gragas,1
Garen,Sejuani,Talon,Kai'Sa,Pyke,Darius,Nocturne,Zoe,Ryze,Soraka,1
Dr. Mundo,Xin Zhao,Darius,Karma,Shen,Jayce,Nidalee,Yasuo,Graves,Pyke,0
Wukong,Trundle,Pyke,Xerath,Gangplank,Fiddlesticks,Hecarim,Yasuo,Lee Sin,Swain,0
Camille,Nidalee,Kled,Lucian,Alistar,Gangplank,Shyvana,Katarina,Ezreal,Pyke,0
Taliyah,Ryze,Irelia,Soraka,Draven,LeBlanc,Sejuani,Camille,Vladimir,Pyke,1
Poppy,Camille,Xerath,Yasuo,Rakan,Kled,Evelynn,Irelia,Orianna,Shen,1
Swain,Teemo,Maokai,Ezreal,Kassadin,Cho'Gath,Annie,Karthus,Twisted Fate,Tristana,1
Ezreal,Xin Zhao,Katarina,Pyke,Aatrox,Jax,Irelia,Ryze,Soraka,Swain,1
Aatrox,Graves,Katarina,Xayah,Rakan,Renekton,Xin Zhao,Lucian,Vladimir,Fiddlesticks,1
Gangplank,Nidalee,Swain,Irelia,Gragas,Kled,Graves,Talon,Vladimir,Fiddlesticks,1
Kled,Nidalee,Talon,Ryze,Fiddlesticks,Aatrox,Graves,Aurelion Sol,Swain,Gragas,0
Jax,Lee Sin,Aurelion Sol,Lucian,Pyke,Dr. Mundo,Nidalee,Talon,Yasuo,Rakan,1
Darius,Xin Zhao,LeBlanc,Lucian,Poppy,Dr. Mundo,Camille,Yasuo,Swain,Pyke,0
Gangplank,Nidalee,Kassadin,Lucian,Pyke,Vladimir,Taliyah,Fizz,Ezreal,Rakan,1
Dr. Mundo,Xin Zhao,Aurelion Sol,Jax,Morgana,Renekton,Master Yi,Taric,Lulu,Kennen,0
Jayce,Nidalee,Irelia,Ezreal,Rakan,Camille,Elise,Lissandra,Darius,Gragas,1
Yasuo,Pyke,Irelia,Nocturne,Vladimir,Draven,Aatrox,Braum,Tristana,Tahm Kench,1
Shen,Ashe,Singed,Taliyah,Aatrox,Jax,Irelia,Pyke,Sejuani,Swain,0
Master Yi,Taric,Karma,Swain,Bard,Kai'Sa,Singed,Alistar,Zoe,Xin Zhao,1
Renekton,Lee Sin,Yasuo,Lucian,Rakan,Darius,Xin Zhao,Irelia,Vladimir,Vel'Koz,1
Aatrox,Swain,Pyke,Twisted Fate,Graves,Taliyah,Shen,Yasuo,Vel'Koz,Darius,1
Kennen,Xin Zhao,Irelia,Ezreal,Rakan,Cho'Gath,Evelynn,Varus,Xayah,Zilean,0
Akali,Xin Zhao,Zoe,Kindred,Rakan,Gragas,Lee Sin,Kled,Swain,Shen,1
Fiddlesticks,Yasuo,Irelia,Rengar,Singed,Morgana,Swain,Zoe,Xin Zhao,Aatrox,1
Renekton,Xin Zhao,Zoe,Xayah,Pyke,Jayce,Nocturne,Orianna,Jhin,Shen,1
Ashe,Nocturne,Zilean,Gangplank,Lissandra,Trundle,Yasuo,Rakan,Vel'Koz,Gnar,1
Poppy,Taliyah,Akali,Swain,Shen,Darius,Jax,Lissandra,Ezreal,Pyke,0
Gnar,Gragas,LeBlanc,Draven,Thresh,Gangplank,Lee Sin,Yasuo,Jhin,Poppy,1
Jayce,Trundle,Lissandra,Akali,Pyke,Aatrox,Gragas,Fizz,Ezreal,Tahm Kench,1
Jayce,Kled,Akali,Ezreal,Pyke,Varus,Camille,Lulu,Poppy,Tahm Kench,1
Pyke,Renekton,Varus,Kindred,Kennen,Nidalee,Ezreal,Jayce,Ryze,Shen,0
Kennen,Camille,Jayce,Kai'Sa,Pyke,Irelia,Gragas,Akali,Varus,Shen,1
Jayce,Shen,Kai'Sa,Vi,Aatrox,Irelia,Ezreal,Lee Sin,Pyke,Orianna,1
Aatrox,Gragas,Talon,Kai'Sa,Morgana,Gangplank,Evelynn,Zoe,Draven,Shen,1
Akali,Lee Sin,Zoe,Ezreal,Morgana,Aatrox,Evelynn,Irelia,Swain,Gragas,1
Akali,Camille,Vladimir,Ashe,LeBlanc,Rumble,Rengar,Zoe,Ezreal,Janna,0
Graves,Fizz,Pyke,Vayne,Jayce,Dr. Mundo,Mordekaiser,Taliyah,Leona,Irelia,1
Quinn,Nidalee,Aatrox,Kai'Sa,Soraka,Tryndamere,Sejuani,Akali,Jhin,Morgana,0
Kennen,Kindred,Malzahar,Kai'Sa,Braum,Quinn,Xin Zhao,Ryze,Ashe,Pyke,1
Camille,Nidalee,Twisted Fate,Ezreal,Rakan,Cho'Gath,Kindred,Karma,Caitlyn,Gragas,1
Irelia,Gragas,Yasuo,Dr. Mundo,Soraka,Darius,Ashe,Morgana,Taliyah,Gnar,1
Brand,Akali,Aatrox,Kennen,Gragas,Yasuo,Lee Sin,Ahri,Vel'Koz,Gnar,1
Poppy,Karma,Shen,Lucian,Kindred,Swain,Rakan,Olaf,Yasuo,Gragas,0
Kennen,Rakan,Kai'Sa,LeBlanc,Camille,Lucian,Yasuo,Pyke,Kindred,Irelia,1
Renekton,Gragas,Lucian,Mordekaiser,Pyke,Aatrox,Jarvan IV,Galio,Karthus,Alistar,1
Gragas,Graves,Ryze,Akali,Zac,Darius,Camille,Karthus,Xayah,Rakan,1
Gragas,Rek'Sai,Syndra,Ezreal,Pyke,Darius,Xin Zhao,Ryze,Miss Fortune,Morgana,1
Lulu,Graves,Camille,Yasuo,Orianna,Jax,Syndra,Kindred,Ezreal,Janna,0
Jayce,Nocturne,LeBlanc,Fiddlesticks,Shen,Singed,Nidalee,Irelia,Xayah,Rakan,1
Rumble,Kha'Zix,Yasuo,Irelia,Rakan,Darius,Nidalee,Jayce,Draven,Morgana,1
Rakan,Swain,Aatrox,Xin Zhao,Kled,Kindred,Jayce,Janna,Lucian,Kennen,1
Olaf,Caitlyn,Fiddlesticks,Fizz,Aatrox,Syndra,Morgana,Varus,Camille,Lee Sin,1
Irelia,Elise,LeBlanc,Lucian,Leona,Gangplank,Kindred,Ryze,Draven,Soraka,1
Trundle,Rakan,Irelia,Darius,LeBlanc,Leona,Camille,Gnar,Galio,Vladimir,0
Rumble,Kindred,Zed,Swain,Gragas,Kled,Nidalee,Jayce,Orianna,Rakan,0
Camille,Ekko,Darius,Draven,Rakan,Swain,Lee Sin,Galio,Xayah,Gragas,1
Kled,Rakan,Swain,Camille,Gangplank,Gragas,Lucian,Darius,Taliyah,Aatrox,0
Ryze,Taliyah,Darius,Ezreal,Pyke,Gangplank,Kindred,Galio,Lucian,Rakan,1
Darius,Taliyah,Lissandra,Vladimir,Pyke,Kled,Evelynn,LeBlanc,Lucian,Rakan,1
Kled,Kindred,Lissandra,Shen,Ezreal,Nidalee,Alistar,Aatrox,Renekton,Yasuo,0
Poppy,Nidalee,LeBlanc,Lucian,Alistar,Swain,Xin Zhao,Zoe,Aatrox,Rakan,0
Graves,Yasuo,Pyke,Ekko,Jax,Taliyah,Irelia,Camille,Swain,Vladimir,1
Lissandra,Soraka,Camille,Vladimir,Jax,Nocturne,Aatrox,Ezreal,Swain,Morgana,0
Kindred,Shen,Syndra,Vladimir,Camille,Gangplank,Swain,Anivia,Nidalee,Pyke,1
Singed,Graves,Katarina,Lucian,Fiddlesticks,Jax,Camille,Zoe,Ezreal,Soraka,1
Rakan,Yasuo,Shyvana,Ryze,Swain,Kai'Sa,Talon,Graves,Fiddlesticks,Irelia,0
Irelia,Lee Sin,Kalista,Rumble,Alistar,Zoe,Camille,Yasuo,Gangplank,Pyke,0
Dr. Mundo,Ezreal,Yasuo,Nocturne,Pyke,Zed,Poppy,Orianna,Sejuani,Morgana,1
Aatrox,Jax,Zoe,Ezreal,Fiddlesticks,Dr. Mundo,Xin Zhao,Irelia,Vladimir,Morgana,1
Ornn,Camille,Swain,Lucian,Pyke,Jayce,Nocturne,Irelia,Xayah,Rakan,0
Aatrox,Nidalee,Irelia,Yasuo,Nautilus,Kled,Nocturne,Dr. Mundo,Vladimir,Fiddlesticks,1
Kennen,Nocturne,Yasuo,Heimerdinger,Nautilus,Jayce,Graves,Ryze,Swain,Alistar,0
Jax,Nocturne,Swain,Yasuo,Pyke,Aatrox,Xin Zhao,Vladimir,Heimerdinger,Rakan,1
Ryze,Xin Zhao,Katarina,Kennen,Rakan,Camille,Rumble,Talon,Swain,Leona,0
Renekton,Nocturne,Taliyah,Vladimir,Pyke,Darius,Lee Sin,Swain,Lucian,Rakan,0
Kai'Sa,Karthus,Nunu & Willump,Rakan,Aatrox,Ryze,Pyke,Camille,Vladimir,Draven,1
Ryze,Morgana,Talon,Darius,Taliyah,Syndra,Xin Zhao,Yasuo,Dr. Mundo,Gragas,0
Camille,Lee Sin,Ryze,Yasuo,Pyke,Jax,Graves,Zoe,Vladimir,Alistar,0
Ornn,Rakan,Elise,Vladimir,Renekton,Graves,Talon,Alistar,Swain,Yasuo,0
Kai'Sa,Camille,Quinn,Shen,Evelynn,Yasuo,Xayah,Braum,Taliyah,Akali,1
Camille,Sejuani,Zoe,Miss Fortune,Tahm Kench,Kennen,Jax,Kassadin,Kai'Sa,Shen,0
Pyke,Taric,Master Yi,Lucian,Shen,Ashe,Fiddlesticks,Camille,Braum,Olaf,1
Yasuo,Taliyah,Twisted Fate,Ezreal,Fiddlesticks,Gnar,Gragas,Orianna,Xayah,Rakan,1
Tahm Kench,Poppy,Zoe,Aatrox,Elise,Yasuo,Camille,Teemo,Shen,Jhin,1
Camille,Trundle,Katarina,Kai'Sa,Gragas,Gnar,Sejuani,Kassadin,Teemo,Rakan,0
Darius,Xin Zhao,Twisted Fate,Akali,Pyke,Camille,Lee Sin,Fizz,Ezreal,Shen,1
Camille,Taric,Soraka,Master Yi,Lucian,Pyke,Lulu,Darius,Xin Zhao,Kai'Sa,1
Renekton,Nidalee,Orianna,Quinn,Gragas,Aatrox,Evelynn,Zoe,Ezreal,Tahm Kench,1
Poppy,Graves,Talon,Akali,Braum,Kennen,Lee Sin,Irelia,Ezreal,Shen,1
Nidalee,Aatrox,Rakan,Draven,Jax,Irelia,Taliyah,Shen,Camille,Zoe,1
Aatrox,Graves,Orianna,Kai'Sa,Pyke,Fiora,Gragas,Zoe,Kog'Maw,Tahm Kench,1
Varus,Zoe,Morgana,Garen,Lee Sin,Aatrox,Pantheon,Orianna,Yasuo,Soraka,1
Kai'Sa,Pantheon,Rakan,Syndra,Garen,Jax,Pyke,Jayce,Orianna,Ryze,1
Rumble,Kindred,Orianna,Xayah,Morgana,Kled,Taliyah,Zed,Jhin,Brand,1
Shen,Kai'Sa,Xin Zhao,Irelia,Aatrox,Rengar,Morgana,Poppy,Tryndamere,Fiddlesticks,1
Lissandra,Kindred,Orianna,Ezreal,Pyke,Urgot,Rengar,Karma,Vayne,Gragas,0
Kennen,Graves,Irelia,Heimerdinger,Tahm Kench,Ryze,Camille,Katarina,Akali,Shen,0
Yasuo,Taric,Pyke,Master Yi,Irelia,Vladimir,Xin Zhao,Lucian,Alistar,Lissandra,1
Xin Zhao,Jayce,Aatrox,Zoe,Pyke,Lee Sin,Orianna,Kai'Sa,Gragas,Gangplank,1
Aatrox,Xin Zhao,Yasuo,Talon,Shen,Camille,Nocturne,Ryze,Kai'Sa,Tahm Kench,1
Vayne,Zoe,Kha'Zix,Shen,Gnar,Orianna,Pyke,Pantheon,Ezreal,Camille,1
Rakan,Yasuo,Irelia,Xayah,Jayce,Kindred,Ezreal,Zoe,Kennen,Pyke,0
Urgot,Lee Sin,LeBlanc,Darius,Pyke,Ryze,Kindred,Vladimir,Irelia,Gragas,1
